ID (frame),Elapsed Time,Angle left eye,Angle right eye,Block seen,Reaction time block,On Target
0,0.1420591,23.32318,22.81117,,,Not looking at Target
1,0.1420591,46.7587,47.16266,,,Not looking at Target
2,0.02,46.68825,47.10738,,,Not looking at Target
3,0.01656763,46.58833,47.08075,,,Not looking at Target
4,0.01679803,46.53972,47.06948,,,Not looking at Target
5,0.01699225,46.50688,47.07246,,,Not looking at Target
6,0.01599693,46.60798,47.06607,,,Not looking at Target
7,0.0169926,46.72692,47.09376,,,Not looking at Target
8,0.01605427,46.70946,47.11485,,,Not looking at Target
9,0.0169489,47.91175,47.76659,,,Not looking at Target
10,0.01618568,36.80426,45.10749,,,Not looking at Target
11,0.01656524,eye closed,eye closed,,,Not looking at Target
12,0.01723904,eye closed,eye closed,,,Not looking at Target
13,0.01597576,eye closed,eye closed,,,Not looking at Target
14,0.01648503,eye closed,eye closed,,,Not looking at Target
15,0.01656593,37.43222,35.17403,,,Not looking at Target
16,0.01693286,37.09737,35.18519,,,Not looking at Target
17,0.01620104,36.92404,35.3328,,,Not looking at Target
18,0.0167878,36.92091,35.3583,,,Not looking at Target
19,0.01634474,36.91642,35.33155,,,Not looking at Target
20,0.01664102,36.79758,35.35144,,,Not looking at Target
21,0.01699737,36.79058,35.36889,,,Not looking at Target
22,0.0160628,36.76148,35.4231,,,Not looking at Target
23,0.01656524,36.74833,35.51843,,,Not looking at Target
24,0.01656627,36.73709,35.6217,,,Not looking at Target
25,0.01679018,36.41512,35.72507,,,Not looking at Target
26,0.01634304,36.8981,37.26402,,,Not looking at Target
27,0.01663761,37.68164,38.06582,,,Not looking at Target
28,0.01699976,37.81409,38.20308,,,Looking at Target
29,0.01606246,37.86353,38.20602,,,Looking at Target
30,0.01692569,37.9604,38.36684,,,Looking at Target
31,0.01699362,37.97318,38.40105,,,Looking at Target
32,0.01578154,37.99611,38.41262,,,Looking at Target
33,0.01722061,38.06978,38.41148,,,Looking at Target
34,0.01598122,38.10666,38.37872,,,Looking at Target
35,0.01649903,38.14849,38.40184,,,Looking at Target
36,0.01656695,38.15775,38.41509,,,Looking at Target
37,0.01692091,38.27173,38.39714,,,Looking at Target
38,0.01621162,38.28918,38.34174,,,Looking at Target
39,0.01678267,38.30057,38.31619,,,Looking at Target
40,0.01635021,38.31123,38.31081,,,Looking at Target
41,0.01663351,38.34663,38.26449,,,Looking at Target
42,0.01650005,38.34346,38.25607,,,Looking at Target
43,0.01748855,38.35283,38.26035,,,Looking at Target
44,0.01599966,38.36205,38.25714,,,Looking at Target
45,0.01621162,38.37041,38.24604,,,Looking at Target
46,0.01656695,38.3762,38.19907,,,Looking at Target
47,0.01656729,38.37587,38.16785,,,Looking at Target
48,0.01662634,38.37646,38.15047,,,Looking at Target
49,0.0165062,38.83476,38.76983,,,Looking at Target
50,0.01656661,38.82108,38.88294,,,Looking at Target
51,0.01656763,38.91887,38.84327,,,Looking at Target
52,0.01733802,38.89213,38.75361,,,Looking at Target
53,0.01600921,38.7876,38.70084,,,Looking at Target
54,0.01698031,38.72331,38.65989,,,Looking at Target
55,0.01599624,38.66656,38.6233,,,Looking at Target
56,0.01650824,38.61361,38.5978,,,Looking at Target
57,0.01656661,38.58239,38.60417,,,Looking at Target
58,0.01690794,38.57275,38.61886,,,Looking at Target
59,0.01622528,38.58512,38.61288,,,Looking at Target
60,0.0167953,38.60466,38.60126,,,Looking at Target
61,0.01696426,38.6342,38.55139,,,Looking at Target
62,0.01599693,38.63979,38.55511,,,Looking at Target
63,0.01651131,38.68368,38.57066,,,Looking at Target
64,0.01656593,38.71803,38.5305,,,Looking at Target
65,0.01690931,38.74872,38.5659,,,Looking at Target
66,0.01622425,38.85365,38.63258,,,Looking at Target
67,0.01677277,38.99471,38.80696,,,Looking at Target
68,0.01698645,39.11477,38.85898,,,Looking at Target
69,0.01599249,39.16899,38.97317,TRUE,0,Looking at Target
70,0.0169984,39.1807,38.99724,,,Not looking at Target
71,0.01608226,39.19809,39.00502,,,Not looking at Target
72,0.01690726,39.20649,39.01356,,,Not looking at Target
73,0.0169926,39.19977,38.9906,,,Not looking at Target
74,0.01599112,39.18322,38.97438,,,Not looking at Target
75,0.01699396,39.18163,38.957,,,Not looking at Target
76,0.01599966,39.18016,38.99439,,,Not looking at Target
77,0.01698952,39.19514,38.97554,,,Not looking at Target
78,0.01699601,39.31298,38.95517,,,Not looking at Target
79,0.01599624,39.30854,38.93783,,,Not looking at Target
80,0.01623483,39.27193,38.8366,,,Not looking at Target
81,0.01656661,38.29591,38.7758,,,Not looking at Target
82,0.0172643,32.8269,34.32464,,,Looking at Target
83,0.0159802,32.70002,33.73783,,,Looking at Target
84,0.01692501,32.70906,33.65463,,,Looking at Target
85,0.01609694,32.72369,33.6128,,,Looking at Target
86,0.0168919,32.7541,33.52666,,,Looking at Target
87,0.01624132,32.77991,33.56485,,,Looking at Target
88,0.01656661,32.85028,33.60901,,,Looking at Target
89,0.01656729,32.91142,33.65462,,,Looking at Target
90,0.01660655,32.95705,33.72253,,,Looking at Target
91,0.01652633,32.93295,33.77645,,,Looking at Target
92,0.01656729,33.00437,33.84524,,,Looking at Target
93,0.01688746,33.05992,33.92117,,,Looking at Target
94,0.01624576,32.99354,33.98895,,,Looking at Target
95,0.01674683,32.93787,34.0233,,,Looking at Target
96,0.01638536,32.98676,34.07908,,,Looking at Target
97,0.01661986,32.98698,34.13477,,,Looking at Target
98,0.01651439,33.01792,34.17271,,,Looking at Target
99,0.01656695,32.98568,34.21148,,,Looking at Target
100,0.01688917,32.9955,34.25925,,,Looking at Target
101,0.01699567,33.02243,34.28404,,,Looking at Target
102,0.01581397,32.98177,34.29675,,,Looking at Target
103,0.01656695,32.849,34.32819,,,Looking at Target
104,0.01659904,32.82575,34.35334,,,Looking at Target
105,0.01699294,32.83883,34.38733,,,Looking at Target
106,0.01610888,32.85891,34.4129,,,Looking at Target
107,0.0168803,32.88547,34.43205,,,Looking at Target
108,0.01625224,32.9367,34.43542,,,Looking at Target
109,0.0167424,32.97887,34.42164,,,Looking at Target
110,0.01639048,32.9818,34.39165,,,Looking at Target
111,0.01664273,32.9816,34.35503,,,Looking at Target
112,0.0169687,33.09253,34.30645,,,Looking at Target
113,0.01608909,33.06509,34.26894,,,Looking at Target
114,0.01688234,33.06491,34.16574,,,Looking at Target
115,0.01699567,33.06161,34.16106,,,Looking at Target
116,0.01582319,33.0526,34.15311,,,Looking at Target
117,0.01716326,33.01913,34.15849,,,Looking at Target
118,0.01599249,33.00407,34.15659,,,Looking at Target
119,0.01654442,32.99724,34.17345,,,Looking at Target
120,0.01656593,32.99575,34.18126,,,Looking at Target
121,0.01687449,32.95271,34.17362,,,Looking at Target
122,0.01699567,32.95304,34.18341,,,Looking at Target
123,0.01599522,32.92852,34.18662,TRUE,0,Looking at Target
124,0.01640277,32.93898,34.18602,,,Not looking at Target
125,0.01659187,32.96695,34.25613,,,Not looking at Target
126,0.01699021,32.99783,34.26493,,,Not looking at Target
127,0.01611571,33.06192,34.27984,,,Not looking at Target
128,0.01656763,33.07415,34.30013,,,Not looking at Target
129,0.01656661,33.1437,34.32987,,,Not looking at Target
130,0.01672874,33.20103,34.37186,,,Not looking at Target
131,0.01699191,33.24291,34.37075,,,Not looking at Target
132,0.01599385,33.27959,34.3637,,,Not looking at Target
133,0.01655262,34.53765,36.65159,,,Not looking at Target
134,0.0165649,44.89183,45.79108,,,Not looking at Target
135,0.01687006,52.02686,53.40219,,,Not looking at Target
136,0.01699191,57.4469,60.52417,,,Not looking at Target
137,0.01599317,60.10071,62.52312,,,Not looking at Target
138,0.01641404,60.02921,62.5421,,,Looking at Target
139,0.01657583,59.83102,62.45003,,,Looking at Target
140,0.01699498,59.61783,62.28185,,,Looking at Target
141,0.01612731,59.44328,62.13892,,,Looking at Target
142,0.01686186,59.27824,61.98986,,,Looking at Target
143,0.01627136,59.13679,61.64789,,,Looking at Target
144,0.01672396,59.1231,61.47088,,,Looking at Target
145,0.01699055,59.07995,61.27073,,,Looking at Target
146,0.01599897,59.06336,61.10342,,,Looking at Target
147,0.01699123,60.36293,63.61578,,,Looking at Target
148,0.01612868,60.69962,63.61575,,,Looking at Target
149,0.01656729,60.73329,63.53576,,,Looking at Target
150,0.01656627,60.73269,63.48412,,,Looking at Target
151,0.01656695,60.91842,63.40325,,,Looking at Target
152,0.01716121,60.95176,63.3388,,,Looking at Target
153,0.01597747,60.88828,63.2599,,,Looking at Target
154,0.01699703,60.81944,63.14136,,,Looking at Target
155,0.0169943,60.77589,62.97399,,,Looking at Target
156,0.01599419,60.71479,62.85525,,,Looking at Target
157,0.0162758,60.64544,62.71646,,,Looking at Target
158,0.01671168,60.53492,62.59073,,,Looking at Target
159,0.0164212,60.4808,62.48098,,,Looking at Target
160,0.01656968,60.37143,62.35427,,,Looking at Target
161,0.01699225,60.3201,62.24863,,,Looking at Target
162,0.01613892,60.28834,62.12555,,,Looking at Target
163,0.01685299,60.19112,61.93225,,,Looking at Target
164,0.01627921,60.1531,61.81353,,,Looking at Target
165,0.01671031,60.07362,61.68944,,,Looking at Target
166,0.01642427,60.0071,61.60084,,,Looking at Target
167,0.01656593,59.94823,61.52977,,,Looking at Target
168,0.01699055,59.95894,61.47394,,,Looking at Target
169,0.01614233,59.90256,61.41236,,,Looking at Target
170,0.01684753,59.85643,61.34755,,,Looking at Target
171,0.01628603,59.82049,61.24982,,,Looking at Target
172,0.01670417,59.85595,61.15478,,,Looking at Target
173,0.01642939,59.84119,61.08496,,,Looking at Target
174,0.01656763,59.80238,60.9986,,,Looking at Target
175,0.01698816,59.75197,60.91808,,,Looking at Target
176,0.01614404,59.72771,60.88007,,,Looking at Target
177,0.01656627,59.7065,60.82288,,,Looking at Target
178,0.01727556,59.6848,60.61596,,,Looking at Target
179,0.01599283,59.65078,60.55759,TRUE,0,Looking at Target
180,0.01699703,59.62459,60.43842,,,Not looking at Target
181,0.01600307,59.52504,60.27987,,,Not looking at Target
182,0.01656627,59.48601,60.19178,,,Not looking at Target
183,0.01656627,59.46157,60.13493,,,Not looking at Target
184,0.01656695,59.47977,60.05318,,,Not looking at Target
185,0.01656798,59.5141,60.02193,,,Not looking at Target
186,0.01669529,59.51995,60.03615,,,Not looking at Target
187,0.01643759,59.55315,59.84205,,,Not looking at Target
188,0.01658026,59.57561,59.76052,,,Not looking at Target
189,0.01697792,56.7455,57.07434,,,Not looking at Target
190,0.01613994,52.67884,52.58883,,,Not looking at Target
191,0.01675673,45.21788,44.10863,,,Not looking at Target
192,0.01707656,39.219,38.3078,,,Not looking at Target
193,0.01605871,39.23853,38.23034,,,Looking at Target
194,0.01693286,39.15385,38.28265,,,Looking at Target
195,0.01619968,39.15672,38.32767,,,Looking at Target
196,0.01678745,39.14226,38.35409,,,Looking at Target
197,0.01634543,39.08348,38.30304,,,Looking at Target
198,0.01664136,39.0906,38.20766,,,Looking at Target
199,0.01649322,39.06849,38.18851,,,Looking at Target
200,0.01656593,38.88681,38.17909,,,Looking at Target
201,0.01692774,38.79117,38.19126,,,Looking at Target
202,0.0170042,38.80047,38.20956,,,Looking at Target
203,0.01598327,38.80293,38.22813,,,Looking at Target
204,0.01699498,38.81799,38.22042,,,Looking at Target
205,0.01599556,38.85056,38.22939,,,Looking at Target
206,0.0169926,38.88395,38.25553,,,Looking at Target
207,0.01606861,38.92226,38.28935,,,Looking at Target
208,0.01692126,38.9523,38.31914,,,Looking at Target
209,0.01621197,38.98116,38.36235,,,Looking at Target
210,0.01678233,39.01826,38.37717,,,Looking at Target
211,0.01635157,39.04807,38.45102,,,Looking at Target
212,0.0166359,39.05147,38.49162,,,Looking at Target
213,0.01649732,39.10204,38.5328,,,Looking at Target
214,0.01656627,39.13054,38.57481,,,Looking at Target
215,0.01691853,39.17723,38.65001,,,Looking at Target
216,0.0162147,39.21809,38.69255,,,Looking at Target
217,0.01656763,39.30883,38.74987,,,Looking at Target
218,0.01721344,39.34625,38.79002,,,Looking at Target
219,0.0159802,39.38276,38.83183,,,Looking at Target
220,0.01650585,39.48785,38.8495,,,Looking at Target
221,0.01656593,39.54132,38.87994,,,Looking at Target
222,0.01691272,39.54719,38.92255,,,Looking at Target
223,0.01622084,39.54493,38.92121,,,Looking at Target
224,0.01677004,39.54181,38.91176,,,Looking at Target
225,0.01636283,39.54576,38.91207,,,Looking at Target
226,0.016626,39.5498,38.9132,,,Looking at Target
227,0.01650756,39.56554,38.92543,,,Looking at Target
228,0.01748411,39.59492,38.98869,,,Looking at Target
229,0.01565013,39.61349,39.0097,,,Looking at Target
230,0.01733768,39.61606,38.99077,,,Looking at Target
231,0.01599624,39.62319,38.99569,,,Looking at Target
232,0.01636591,39.63389,39.00468,,,Looking at Target
233,0.01656559,39.62548,38.96867,,,Looking at Target
234,0.01706359,39.63472,38.97622,TRUE,0,Looking at Target
235,0.01607065,39.65363,38.96304,,,Not looking at Target
236,0.016569,39.6661,38.97451,,,Not looking at Target
237,0.01656524,39.67466,38.9786,,,Not looking at Target
238,0.01676185,39.69777,38.97854,,,Not looking at Target
239,0.01637137,39.69466,38.98214,,,Not looking at Target
240,0.01661747,39.69411,38.96357,,,Not looking at Target
241,0.01699601,39.69197,38.93495,,,Not looking at Target
242,0.01608601,39.69209,38.9289,,,Not looking at Target
243,0.01656695,39.69336,38.92415,,,Not looking at Target
244,0.01733154,39.6813,38.92326,,,Not looking at Target
245,0.01599283,39.67956,38.9309,,,Not looking at Target
246,0.01637512,34.78594,35.69619,,,Not looking at Target
247,0.01662703,32.5878,34.07909,,,Looking at Target
248,0.0169844,32.7548,34.04587,,,Looking at Target
249,0.0160884,32.85598,33.75478,,,Looking at Target
250,0.01689907,32.92638,33.76926,,,Looking at Target
251,0.01623381,33.07912,33.76803,,,Looking at Target
252,0.01656627,33.12036,33.78506,,,Looking at Target
253,0.01718408,33.16665,33.78086,,,Looking at Target
254,0.01599249,33.23678,33.69475,,,Looking at Target
255,0.01652429,33.27011,33.63518,,,Looking at Target
256,0.01656661,33.45427,33.65011,,,Looking at Target
257,0.01689361,33.49319,33.70363,,,Looking at Target
258,0.01623995,33.57537,33.72393,,,Looking at Target
259,0.01656661,33.57485,33.7359,,,Looking at Target
260,0.01656661,33.6012,33.71798,,,Looking at Target
261,0.01656729,33.63117,33.73595,,,Looking at Target
262,0.01703424,33.65884,33.76965,,,Looking at Target
263,0.01609864,33.70364,33.8014,,,Looking at Target
264,0.01688951,33.73177,33.85339,,,Looking at Target
265,0.01624439,33.74917,33.86864,,,Looking at Target
266,0.01674752,33.84004,33.88099,,,Looking at Target
267,0.01699567,33.8756,33.93981,,,Looking at Target
268,0.01599317,33.87387,33.95321,,,Looking at Target
269,0.01699498,33.86349,33.98689,,,Looking at Target
270,0.01610206,33.88077,33.99007,,,Looking at Target
271,0.01691204,33.88139,33.97031,,,Looking at Target
272,0.01622118,33.86879,33.96504,,,Looking at Target
273,0.01656593,33.83054,33.92097,,,Looking at Target
274,0.01656798,33.81483,33.92467,,,Looking at Target
275,0.0165987,33.8085,33.93751,,,Looking at Target
276,0.0165335,33.80379,33.92305,,,Looking at Target
277,0.01656695,33.79943,33.90561,,,Looking at Target
278,0.01688098,33.78545,33.8793,,,Looking at Target
279,0.01625293,33.77583,33.83909,,,Looking at Target
280,0.01656661,33.7808,33.81482,,,Looking at Target
281,0.01656627,33.78199,33.80266,,,Looking at Target
282,0.01659426,33.79743,33.80773,,,Looking at Target
283,0.01653896,33.8358,33.80956,,,Looking at Target
284,0.01656593,33.85953,33.81173,,,Looking at Target
285,0.01656798,33.83904,33.77228,,,Looking at Target
286,0.01656559,33.8015,33.72157,,,Looking at Target
287,0.01673386,33.75366,33.70596,,,Looking at Target
288,0.01640038,33.73613,33.69839,TRUE,0,Looking at Target
289,0.01658982,33.71796,33.67843,,,Not looking at Target
290,0.0165434,33.64483,33.66844,,,Not looking at Target
291,0.01656695,33.65887,33.69843,,,Not looking at Target
292,0.01689292,33.64795,33.65215,,,Not looking at Target
293,0.01624132,33.65655,33.63,,,Not looking at Target
294,0.0167482,33.65953,33.62939,,,Not looking at Target
295,0.01638434,33.6161,33.59527,,,Not looking at Target
296,0.01658777,33.53356,33.60399,,,Not looking at Target
297,0.01654442,33.67694,33.96722,,,Not looking at Target
298,0.01656763,41.21795,41.97043,,,Not looking at Target
299,0.0168762,49.39771,50.93747,,,Not looking at Target
300,0.01625668,55.53749,57.69532,,,Not looking at Target
301,0.01674479,60.09082,62.75195,,,Not looking at Target
302,0.01638912,61.19996,63.18563,,,Looking at Target
303,0.01658675,61.18983,63.18073,,,Looking at Target
304,0.01654715,61.16539,63.23453,,,Looking at Target
305,0.01656559,61.09151,63.21445,,,Looking at Target
306,0.01656763,61.04083,63.15418,,,Looking at Target
307,0.01656627,60.97489,63.07905,,,Looking at Target
308,0.01672431,60.9,62.97459,,,Looking at Target
309,0.0169943,60.81512,62.898,,,Looking at Target
310,0.01599795,60.68763,62.79529,,,Looking at Target
311,0.01699021,60.5993,62.69458,,,Looking at Target
312,0.01612629,60.47823,62.58709,,,Looking at Target
313,0.01656695,60.3662,62.50147,,,Looking at Target
314,0.0172916,60.26868,62.37323,,,Looking at Target
315,0.01599419,60.19899,62.28537,,,Looking at Target
316,0.01700079,60.14168,62.22205,,,Looking at Target
317,0.01600409,60.12727,62.19777,,,Looking at Target
318,0.01699533,60.33549,62.15162,,,Looking at Target
319,0.01611332,60.33589,62.11399,,,Looking at Target
320,0.01656729,60.36797,62.08547,,,Looking at Target
321,0.01728819,60.38284,62.05677,,,Looking at Target
322,0.01600955,60.58456,62.01012,,,Looking at Target
323,0.01640277,60.78796,61.97719,,,Looking at Target
324,0.01657412,60.84921,61.95729,,,Looking at Target
325,0.0169943,60.9623,61.93916,,,Looking at Target
326,0.01613107,61.05558,61.93924,,,Looking at Target
327,0.01656661,61.21713,61.99446,,,Looking at Target
328,0.0173155,61.28332,62.00604,,,Looking at Target
329,0.01597952,61.35957,62.01895,,,Looking at Target
330,0.01640482,61.54167,62.08345,,,Looking at Target
331,0.01657002,61.59057,62.11367,,,Looking at Target
332,0.01700727,61.65894,62.18367,,,Looking at Target
333,0.01612185,61.71297,62.27808,,,Looking at Target
334,0.01656695,61.77237,62.36985,,,Looking at Target
335,0.01656729,61.82016,62.47726,,,Looking at Target
336,0.01672362,61.90259,62.55276,,,Looking at Target
337,0.01655125,62.01591,62.57914,,,Looking at Target
338,0.01644783,62.05206,62.62297,,,Looking at Target
339,0.0169687,62.07882,62.6419,,,Looking at Target
340,0.01614165,62.07423,62.65491,,,Looking at Target
341,0.01656559,62.06635,62.65003,,,Looking at Target
342,0.01656832,62.10266,62.65552,,,Looking at Target
343,0.01670758,62.10204,62.66316,TRUE,0,Looking at Target
344,0.0164253,62.15758,62.69371,,,Not looking at Target
345,0.01656661,62.14229,62.69156,,,Not looking at Target
346,0.01698884,62.20438,62.66737,,,Not looking at Target
347,0.0161437,62.17488,62.60292,,,Not looking at Target
348,0.01656866,62.15988,62.47621,,,Not looking at Target
349,0.01727454,62.14846,62.4466,,,Not looking at Target
350,0.01599283,62.14412,62.44355,,,Not looking at Target
351,0.01643247,62.15329,62.45639,,,Not looking at Target
352,0.01656559,58.65131,59.56024,,,Not looking at Target
353,0.01699976,49.33909,48.57069,,,Not looking at Target
354,0.01613278,40.44858,40.76609,,,Not looking at Target
355,0.01684036,39.66674,38.48648,,,Looking at Target
356,0.01629389,39.38712,38.07539,,,Looking at Target
357,0.01669905,39.36252,37.89117,,,Looking at Target
358,0.01643281,39.36227,37.80798,,,Looking at Target
359,0.01656729,39.064,37.75137,,,Looking at Target
360,0.01698065,38.93914,37.73091,,,Looking at Target
361,0.01615326,38.7789,37.66075,,,Looking at Target
362,0.01683899,38.68378,37.66147,,,Looking at Target
363,0.01699635,38.70926,37.63064,,,Looking at Target
364,0.01598873,38.7248,37.62271,,,Looking at Target
365,0.01699737,38.73319,37.55742,,,Looking at Target
366,0.01601126,38.74707,37.5614,,,Looking at Target
367,0.01698065,38.77062,37.59594,,,Looking at Target
368,0.01699157,38.79609,37.60303,,,Looking at Target
369,0.01599283,38.8139,37.48697,,,Looking at Target
370,0.01630344,38.81124,37.47302,,,Looking at Target
371,0.01669154,38.83463,37.47215,,,Looking at Target
372,0.01700488,38.83214,37.46467,,,Looking at Target
373,0.01600205,38.81752,37.45639,,,Looking at Target
374,0.01656695,38.80491,37.43787,,,Looking at Target
375,0.01740219,38.79218,37.42179,,,Looking at Target
376,0.01572966,38.78393,37.41621,,,Looking at Target
377,0.01726293,38.78819,37.39905,,,Looking at Target
378,0.01598976,38.81884,37.40952,,,Looking at Target
379,0.01699635,38.95313,37.40674,,,Looking at Target
380,0.01601945,39.02127,37.87165,,,Looking at Target
381,0.01697212,40.27887,39.42393,,,Looking at Target
382,0.01616145,40.55463,39.39988,,,Not looking at Target
383,0.01656661,40.55131,39.50094,,,Not looking at Target
384,0.01656559,40.60649,39.4916,,,Not looking at Target
385,0.01668369,40.61666,39.48782,,,Not looking at Target
386,0.01645022,40.62014,39.49808,,,Not looking at Target
387,0.01656661,40.63113,39.55769,,,Not looking at Target
388,0.01696768,40.64421,39.56802,,,Not looking at Target
389,0.01616452,40.65334,39.58388,,,Not looking at Target
390,0.01682978,40.70795,39.6061,,,Not looking at Target
391,0.01630378,40.73636,39.74703,,,Not looking at Target
392,0.01667993,40.75155,39.8049,,,Not looking at Target
393,0.01699396,40.76961,39.80968,,,Not looking at Target
394,0.01602628,40.81203,39.81261,,,Not looking at Target
395,0.01656695,40.81635,39.85735,,,Not looking at Target
396,0.01656627,40.83622,39.86274,,,Not looking at Target
397,0.01681783,40.86165,39.87228,,,Not looking at Target
398,0.01631641,40.87465,39.88449,,,Not looking at Target
399,0.01656559,40.88876,39.91149,,,Not looking at Target
400,0.0171025,40.94956,39.9544,,,Not looking at Target
401,0.01603072,40.95253,39.953,,,Not looking at Target
402,0.01695812,40.94778,39.94962,,,Not looking at Target
403,0.01617613,40.93846,39.94566,,,Not looking at Target
404,0.01681783,40.93526,39.91627,,,Not looking at Target
405,0.01631607,40.91627,39.90792,,,Not looking at Target
406,0.01667584,40.91428,39.90276,,,Not looking at Target
407,0.01698884,40.89365,39.88478,,,Not looking at Target
408,0.01603447,40.86857,39.83714,,,Not looking at Target
409,0.01695573,40.85452,39.8017,,,Not looking at Target
410,0.01617817,40.84236,39.78677,,,Not looking at Target
411,0.01681612,40.8385,39.78314,,,Not looking at Target
412,0.01631778,40.83187,39.78645,,,Not looking at Target
413,0.01666526,40.84673,39.84873,,,Not looking at Target
414,0.01646865,40.85443,39.88965,,,Not looking at Target
415,0.01656456,40.86574,39.89631,,,Not looking at Target
416,0.01696529,40.87461,39.89997,,,Not looking at Target
417,0.01617032,40.87142,39.91052,,,Not looking at Target
418,0.01680452,40.86662,39.93559,,,Not looking at Target
419,0.01632836,40.91586,39.93966,,,Not looking at Target
420,0.01666014,40.91618,39.94043,,,Not looking at Target
421,0.0169943,40.9139,39.96452,,,Not looking at Target
422,0.01604403,40.91912,40.0058,,,Not looking at Target
423,0.01694788,40.94465,39.99965,,,Not looking at Target
424,0.01618602,40.95989,40.01514,,,Not looking at Target
425,0.01680179,40.97912,40.02831,,,Not looking at Target
426,0.01633075,41.03383,40.09111,,,Not looking at Target
427,0.01666594,41.05663,40.10875,,,Not looking at Target
428,0.01698782,41.04801,40.1305,,,Not looking at Target
429,0.01604676,41.08444,40.11058,,,Not looking at Target
430,0.01694447,41.07624,40.08589,,,Not looking at Target
431,0.01619012,40.91481,39.77356,,,Not looking at Target
432,0.01679872,39.87523,38.63708,,,Not looking at Target
433,0.01633348,39.64114,38.59324,,,Looking at Target
434,0.01656593,39.63283,38.57745,,,Looking at Target
435,0.01708544,39.62133,38.49592,,,Looking at Target
436,0.01604813,39.6152,38.49613,,,Looking at Target
437,0.01693969,39.61314,38.59364,,,Looking at Target
438,0.01619558,39.52945,38.48526,,,Looking at Target
439,0.01656559,39.5152,38.34529,,,Looking at Target
440,0.01656661,39.50061,38.26945,,,Looking at Target
441,0.01665194,39.49189,38.24362,,,Looking at Target
442,0.0169926,39.48748,38.22147,,,Looking at Target
443,0.01605598,39.48465,38.20771,,,Looking at Target
444,0.01656661,39.47601,38.25969,,,Looking at Target
445,0.01656695,39.46427,38.25388,,,Looking at Target
446,0.0167895,39.45407,38.23728,,,Looking at Target
447,0.01634235,39.40649,38.19104,,,Looking at Target
448,0.01656798,39.3772,38.22406,,,Looking at Target
449,0.01710592,39.33075,38.19637,,,Looking at Target
450,0.01602696,39.30569,38.17656,,,Looking at Target
451,0.01693115,39.28039,38.14952,,,Looking at Target
452,0.01620104,39.26786,38.13792,,,Looking at Target
453,0.01678711,39.26274,38.13805,,,Looking at Target
454,0.01634748,39.27081,38.14123,,,Looking at Target
455,0.01664409,39.24442,38.15994,,,Looking at Target
456,0.01649015,39.24517,38.18148,,,Looking at Target
457,0.01656661,39.21767,38.18496,,,Looking at Target
458,0.01656559,39.20325,38.16979,,,Looking at Target
459,0.01656695,39.19717,38.16427,,,Looking at Target
460,0.01656661,39.18425,38.15808,,,Looking at Target
461,0.01656695,39.18119,38.16737,,,Looking at Target
462,0.01664444,39.20601,38.18563,,,Looking at Target
463,0.01699908,39.2256,38.19798,,,Looking at Target
464,0.01605598,39.23965,38.21958,,,Looking at Target
465,0.01692911,39.25094,38.22214,,,Looking at Target
466,0.01620412,39.24809,38.22678,,,Looking at Target
467,0.01656763,39.24426,38.22104,,,Looking at Target
468,0.01720866,39.2381,38.23212,,,Looking at Target
469,0.01599317,39.26641,38.25997,,,Looking at Target
470,0.01649868,39.29212,38.2873,,,Looking at Target
471,0.01656593,39.31746,38.31791,,,Looking at Target
472,0.0169216,39.33572,38.33471,,,Looking at Target
473,0.0162106,39.34512,38.33575,,,Looking at Target
474,0.01677994,39.34824,38.34816,TRUE,0,Looking at Target
475,0.01635362,39.34813,38.45605,,,Not looking at Target
476,0.01663215,39.33937,38.45095,,,Not looking at Target
477,0.01699635,39.35424,38.43717,,,Not looking at Target
478,0.016071,39.31856,38.43331,,,Not looking at Target
479,0.01691716,39.3192,38.43219,,,Not looking at Target
480,0.01621606,39.31979,38.40402,,,Not looking at Target
481,0.01680076,39.31551,38.3884,,,Not looking at Target
482,0.01633382,39.30124,38.37265,,,Not looking at Target
483,0.016626,39.29604,38.36934,,,Not looking at Target
484,0.01650756,39.27403,38.36651,,,Not looking at Target
485,0.01656627,39.18662,38.2015,,,Not looking at Target
486,0.0169134,33.6354,33.99093,,,Not looking at Target
487,0.0162205,32.7882,33.34706,,,Looking at Target
488,0.01656729,32.75878,33.31364,,,Looking at Target
489,0.01656559,32.77604,33.32849,,,Looking at Target
490,0.016626,32.79523,33.30542,,,Looking at Target
491,0.01700181,32.80685,33.30314,,,Looking at Target
492,0.01607304,32.81794,33.25238,,,Looking at Target
493,0.01690897,32.83616,33.23785,,,Looking at Target
494,0.01622357,32.86317,33.26791,,,Looking at Target
495,0.01676766,32.90033,33.27433,,,Looking at Target
496,0.01636591,32.90715,33.27329,,,Looking at Target
497,0.01661952,32.9266,33.27681,,,Looking at Target
498,0.01651439,32.95517,33.28345,,,Looking at Target
499,0.01656593,32.98111,33.25729,,,Looking at Target
500,0.01690692,32.99356,33.21392,,,Looking at Target
501,0.01622698,33.0098,33.22448,,,Looking at Target
502,0.01656524,33.02588,33.23311,,,Looking at Target
503,0.01720661,33.04342,33.23032,,,Looking at Target
504,0.01597713,33.04377,33.22476,,,Looking at Target
505,0.01651643,33.05205,33.22391,,,Looking at Target
506,0.01656729,33.06926,33.22406,,,Looking at Target
507,0.01656627,33.1881,33.23999,,,Looking at Target
508,0.01656627,33.20794,33.24971,,,Looking at Target
509,0.01675912,33.20457,33.21906,,,Looking at Target
510,0.01637376,33.192,33.12088,,,Looking at Target
511,0.01661542,33.17744,33.11294,,,Looking at Target
512,0.01699601,33.10879,33.10006,,,Looking at Target
513,0.01699533,33.08577,33.07747,,,Looking at Target
514,0.01599249,33.06591,33.05667,,,Looking at Target
515,0.01623518,33.03442,33.02761,,,Looking at Target
516,0.01675707,32.97903,33.02308,,,Looking at Target
517,0.01637717,32.96538,33.01357,,,Looking at Target
518,0.01660894,32.84375,32.99835,,,Looking at Target
519,0.01699703,32.81635,32.97627,,,Looking at Target
520,0.01609318,32.79124,32.94589,,,Looking at Target
521,0.01689395,32.70877,32.92186,,,Looking at Target
522,0.01623893,32.59059,32.90616,,,Looking at Target
523,0.01656763,32.49698,32.8917,,,Looking at Target
524,0.01656559,32.49305,32.89219,,,Looking at Target
525,0.01660621,32.49686,32.89673,,,Looking at Target
526,0.01699567,32.49124,32.91052,,,Looking at Target
527,0.0160983,32.4884,32.91437,,,Looking at Target
528,0.0169018,32.49258,32.91877,TRUE,0,Looking at Target
529,0.01623142,32.49578,32.91924,,,Not looking at Target
530,0.01675468,32.48552,32.88908,,,Not looking at Target
531,0.01700659,32.47828,32.88057,,,Not looking at Target
532,0.0159389,32.45579,32.83677,,,Not looking at Target
533,0.01703321,32.42591,32.83684,,,Not looking at Target
534,0.01698952,32.43559,32.82713,,,Not looking at Target
535,0.01601741,33.09714,33.32558,,,Not looking at Target
536,0.01622562,33.32027,33.34095,,,Not looking at Target
537,0.01674445,33.30696,33.35537,,,Not looking at Target
538,0.01699498,33.29741,33.38091,,,Not looking at Target
539,0.01599488,33.32224,33.3983,,,Not looking at Target
540,0.01699635,33.32353,33.40923,,,Not looking at Target
541,0.01610274,33.66048,33.69992,,,Not looking at Target
542,0.01688815,42.65855,43.34735,,,Not looking at Target
543,0.01698986,49.4778,51.69001,,,Not looking at Target
544,0.01599249,56.07733,57.28207,,,Not looking at Target
545,0.01639765,60.34616,62.10192,,,Not looking at Target
546,0.01659289,62.3243,64.83359,,,Looking at Target
547,0.0169943,62.31684,64.79921,,,Looking at Target
548,0.01611264,62.34128,64.79199,,,Looking at Target
549,0.01687757,62.28669,64.73996,,,Looking at Target
550,0.01625532,62.26667,64.4734,,,Looking at Target
551,0.01656627,62.30536,64.34069,,,Looking at Target
552,0.01656695,62.24627,64.13089,,,Looking at Target
553,0.01659255,62.21553,64.06228,,,Looking at Target
554,0.01653964,62.28117,63.98933,,,Looking at Target
555,0.01656729,62.52634,63.90277,,,Looking at Target
556,0.01687791,62.48804,63.79393,,,Looking at Target
557,0.01625566,62.47597,63.71938,,,Looking at Target
558,0.01673182,62.48515,63.64314,,,Looking at Target
559,0.01640209,62.53545,63.5922,,,Looking at Target
560,0.01660143,62.63704,63.54893,,,Looking at Target
561,0.01653145,62.63832,63.50711,,,Looking at Target
562,0.01656661,62.67627,63.44941,,,Looking at Target
563,0.0168704,62.64431,63.40372,,,Looking at Target
564,0.01699362,62.70963,63.37283,,,Looking at Target
565,0.01599419,62.71729,63.3427,,,Looking at Target
566,0.01640789,62.72921,63.3429,,,Looking at Target
567,0.01658777,62.78638,63.34024,,,Looking at Target
568,0.01654613,62.83337,63.32869,,,Looking at Target
569,0.01656661,62.98949,63.24346,,,Looking at Target
570,0.01686971,62.98037,63.21807,,,Looking at Target
571,0.01699294,62.98889,63.20576,,,Looking at Target
572,0.01583718,63.00762,63.23972,,,Looking at Target
573,0.01715848,63.01423,63.25278,,,Looking at Target
574,0.01598839,63.02959,63.2564,,,Looking at Target
575,0.01699669,63.0437,63.24771,,,Looking at Target
576,0.01612322,63.03429,63.23318,,,Looking at Target
577,0.01686493,63.054,63.23957,,,Looking at Target
578,0.01699157,63.0571,63.27317,,,Looking at Target
579,0.01599522,63.02839,63.28244,,,Looking at Target
580,0.01641642,63.02526,63.35339,,,Looking at Target
581,0.01657378,63.01862,63.4327,,,Looking at Target
582,0.01655808,63.01722,63.4461,,,Looking at Target
583,0.01656695,63.08144,63.44319,,,Looking at Target
584,0.01685811,63.13735,63.44704,,,Looking at Target
585,0.01699225,63.12991,63.43766,,,Looking at Target
586,0.01599761,63.10906,63.44095,,,Looking at Target
587,0.0164195,63.0787,63.43067,TRUE,0,Looking at Target
588,0.016569,63.05042,63.40767,,,Not looking at Target
589,0.01699533,63.02622,63.36095,,,Not looking at Target
590,0.01613414,62.96528,63.34788,,,Not looking at Target
591,0.01656661,62.93227,63.32962,,,Not looking at Target
592,0.01656729,62.91629,63.32347,,,Not looking at Target
593,0.01656593,62.85632,63.2386,,,Not looking at Target
594,0.01713903,62.77874,63.21103,,,Not looking at Target
595,0.01599454,58.4197,59.35421,,,Not looking at Target
596,0.01701956,50.84924,51.65777,,,Not looking at Target
597,0.01699635,43.8026,44.81769,,,Not looking at Target
598,0.01568563,15.69564,41.32289,,,Not looking at Target
599,0.01656593,eye closed,eye closed,,,Not looking at Target
600,0.01670895,eye closed,eye closed,,,Not looking at Target
601,0.01642461,eye closed,eye closed,,,Not looking at Target
602,0.01656729,eye closed,eye closed,,,Not looking at Target
603,0.01699225,eye closed,eye closed,,,Not looking at Target
604,0.01614029,eye closed,eye closed,,,Not looking at Target
605,0.01685128,40.00722,40.05905,,,Not looking at Target
606,0.01628364,40.04852,39.91748,,,Not looking at Target
607,0.01670451,40.24633,39.93034,,,Not looking at Target
608,0.0169943,40.35725,39.96631,,,Not looking at Target
609,0.01600034,40.50874,39.99785,,,Not looking at Target
610,0.01699157,40.57629,40.02596,,,Not looking at Target
611,0.01614199,40.61012,39.88021,,,Not looking at Target
612,0.01684446,40.67042,39.89664,,,Not looking at Target
613,0.01699771,40.68509,39.91338,,,Not looking at Target
614,0.01599658,40.70846,39.88881,,,Not looking at Target
615,0.01642735,40.72554,39.94122,,,Not looking at Target
616,0.01656559,40.68363,39.97123,,,Not looking at Target
617,0.01656729,39.88731,39.14342,,,Not looking at Target
618,0.01741244,39.61305,38.55573,,,Looking at Target
619,0.01599658,39.53619,38.46416,,,Looking at Target
620,0.01629047,39.41537,38.38634,,,Looking at Target
621,0.01669734,39.41365,38.39573,,,Looking at Target
622,0.01643554,39.42844,38.4155,,,Looking at Target
623,0.01656695,39.44902,38.43285,,,Looking at Target
624,0.01656763,39.46153,38.42336,,,Looking at Target
625,0.01656627,39.40947,38.40607,,,Looking at Target
626,0.01656729,39.39676,38.40423,,,Looking at Target
627,0.01726498,39.40425,38.40337,,,Looking at Target
628,0.0160058,39.38131,38.39612,,,Looking at Target
629,0.01698679,39.35062,38.45667,,,Looking at Target
630,0.0160099,39.33777,38.49613,,,Looking at Target
631,0.01697519,39.32134,38.46652,,,Looking at Target
632,0.01615735,39.30969,38.36861,,,Looking at Target
633,0.01683319,39.29437,38.35225,,,Looking at Target
634,0.01629935,39.28309,38.33226,,,Looking at Target
635,0.01669086,39.26752,38.29394,,,Looking at Target
636,0.01644373,39.24955,38.26345,,,Looking at Target
637,0.01656661,39.23623,38.26524,,,Looking at Target
638,0.01656729,39.229,38.25488,,,Looking at Target
639,0.01656593,39.22366,38.25144,,,Looking at Target
640,0.01682807,39.22316,38.2435,,,Looking at Target
641,0.01700795,39.23252,38.1078,,,Looking at Target
642,0.01598327,39.2303,38.11996,,,Looking at Target
643,0.01699328,39.24115,38.15802,,,Looking at Target
644,0.01601945,39.25353,38.17904,,,Looking at Target
645,0.01656763,39.26199,38.19909,,,Looking at Target
646,0.01656661,39.17254,38.19408,,,Looking at Target
647,0.01656627,39.18322,38.30093,,,Looking at Target
648,0.01656729,39.20602,38.29758,,,Looking at Target
649,0.01656593,39.23415,38.31517,,,Looking at Target
650,0.01656627,39.24323,38.33023,,,Looking at Target
651,0.01656695,39.23239,38.32549,,,Looking at Target
652,0.01656627,39.22932,38.33342,,,Looking at Target
653,0.01656661,39.2418,38.30529,,,Looking at Target
654,0.01683695,39.24327,38.29648,,,Looking at Target
655,0.01629696,39.24273,38.29907,,,Looking at Target
656,0.01667823,39.24067,38.29983,,,Looking at Target
657,0.01645568,39.23161,38.2688,,,Looking at Target
658,0.01656627,39.20638,38.35042,,,Looking at Target
659,0.01696324,39.20878,38.33564,TRUE,0,Looking at Target
660,0.01617032,39.21181,38.34325,,,Not looking at Target
661,0.01681988,39.2095,38.33459,,,Not looking at Target
662,0.01699225,39.20573,38.30632,,,Not looking at Target
663,0.01599488,39.17181,38.27287,,,Not looking at Target
664,0.0169926,39.14622,38.21738,,,Not looking at Target
665,0.01699703,39.12531,38.18389,,,Not looking at Target
666,0.01599385,39.12025,38.1913,,,Not looking at Target
667,0.01617681,39.10752,38.23922,,,Not looking at Target
668,0.01656593,39.08822,38.23021,,,Not looking at Target
669,0.01724416,39.08141,38.22503,,,Not looking at Target
670,0.01601536,36.74295,36.2385,,,Not looking at Target
671,0.01644066,32.19877,33.18772,,,Not looking at Target
672,0.01656593,31.87877,32.86465,,,Looking at Target
673,0.01695402,31.87878,32.64636,,,Not looking at Target
674,0.01618022,31.8392,32.67304,,,Not looking at Target
675,0.01656729,31.86305,32.68507,,,Not looking at Target
676,0.01657992,31.8881,32.64857,,,Not looking at Target
677,0.01665399,31.91145,32.65677,,,Not looking at Target
678,0.01646455,31.99271,32.59211,,,Not looking at Target
679,0.01656695,32.002,32.60995,,,Looking at Target
680,0.01656695,32.01903,32.62357,,,Looking at Target
681,0.01656627,32.85041,33.6712,,,Looking at Target
682,0.01681032,32.97893,33.70826,,,Looking at Target
683,0.01632324,33.03439,33.67888,,,Looking at Target
684,0.01656661,33.07384,33.6747,,,Looking at Target
685,0.01656593,33.0888,33.68629,,,Looking at Target
686,0.01656695,33.08365,33.7087,,,Looking at Target
687,0.01695095,33.1123,33.7051,,,Looking at Target
688,0.0169984,33.11514,33.70337,,,Looking at Target
689,0.01575116,33.12069,33.70553,,,Looking at Target
690,0.01656695,33.1263,33.70046,,,Looking at Target
691,0.01666014,33.16366,33.6812,,,Looking at Target
692,0.01647343,33.15594,33.65999,,,Looking at Target
693,0.01656763,33.17138,33.63565,,,Looking at Target
694,0.01693866,33.16203,33.61681,,,Looking at Target
695,0.01619422,33.15799,33.58427,,,Looking at Target
696,0.01679701,33.17534,33.58231,,,Looking at Target
697,0.01633484,33.15552,33.57522,,,Looking at Target
698,0.01667038,33.12923,33.56048,,,Looking at Target
699,0.01697655,33.09945,33.53024,,,Looking at Target
700,0.01605324,33.03585,33.51596,,,Looking at Target
701,0.01656627,32.94776,33.49823,,,Looking at Target
702,0.01736465,32.93136,33.47118,,,Looking at Target
703,0.01576857,32.91689,33.48128,,,Looking at Target
704,0.01656661,32.90412,33.45687,,,Looking at Target
705,0.01665263,32.88525,33.43178,,,Looking at Target
706,0.01699464,32.87178,33.42344,,,Looking at Target
707,0.0160529,32.85345,33.41236,,,Looking at Target
708,0.01656661,32.61564,33.39235,,,Looking at Target
709,0.01736328,32.59563,33.35458,,,Looking at Target
710,0.01599556,32.57183,33.32705,,,Looking at Target
711,0.01634133,32.56076,33.30873,,,Looking at Target
712,0.01665024,32.56073,33.3004,,,Looking at Target
713,0.01648333,32.5548,33.27985,,,Looking at Target
714,0.01753531,32.57542,33.2699,,,Looking at Target
715,0.01559791,32.58162,33.26728,,,Looking at Target
716,0.01656661,32.58954,33.26469,,,Looking at Target
717,0.01678848,32.67312,33.26205,,,Looking at Target
718,0.01634509,32.68539,33.20782,,,Looking at Target
719,0.01656798,32.70015,33.17799,,,Looking at Target
720,0.01656661,32.70586,33.1537,TRUE,0,Looking at Target
721,0.01656524,32.69794,33.12594,,,Not looking at Target
722,0.01692672,32.71366,33.11229,,,Not looking at Target
723,0.01620616,32.76784,33.10558,,,Not looking at Target
724,0.01656729,32.7701,33.10262,,,Not looking at Target
725,0.01721275,32.78163,33.10994,,,Not looking at Target
726,0.01599215,32.81065,33.11193,,,Not looking at Target
727,0.01649493,32.8059,33.10621,,,Not looking at Target
728,0.01656627,32.80103,33.10516,,,Not looking at Target
729,0.01692194,36.41706,37.53455,,,Not looking at Target
730,0.01621128,45.04302,46.32508,,,Not looking at Target
731,0.01677824,52.38775,54.11425,,,Not looking at Target
732,0.01635635,58.05868,59.41094,,,Not looking at Target
733,0.01656559,61.87695,62.80072,,,Looking at Target
734,0.01706359,61.94691,62.962,,,Looking at Target
735,0.01606929,61.79698,62.87149,,,Looking at Target
736,0.01656763,61.65488,62.80213,,,Looking at Target
737,0.01656593,61.57955,62.65346,,,Looking at Target
738,0.0167796,61.49335,62.41676,,,Looking at Target
739,0.0163543,61.41164,62.29412,,,Looking at Target
740,0.0166318,61.2776,62.20419,,,Looking at Target
741,0.01650107,61.18654,62.12917,,,Looking at Target
742,0.01656729,61.08377,62.03083,,,Looking at Target
743,0.01656695,61.02009,61.93237,,,Looking at Target
744,0.01734451,60.88406,61.82241,,,Looking at Target
745,0.01578974,60.75098,61.69302,,,Looking at Target
746,0.01656593,60.60919,61.56375,,,Looking at Target
747,0.01656729,60.86192,63.20798,,,Looking at Target
748,0.01656593,61.89215,63.72142,,,Looking at Target
749,0.01656695,61.87679,63.64762,,,Looking at Target
750,0.0169117,62.0231,63.56446,,,Looking at Target
751,0.01622221,62.01811,63.45783,,,Looking at Target
752,0.01676561,61.95937,63.42066,,,Looking at Target
753,0.01636659,61.99754,63.34787,,,Looking at Target
754,0.01675093,62.0879,63.28241,,,Looking at Target
755,0.01686971,62.3354,63.33821,,,Looking at Target
756,0.01626487,62.32146,63.32919,,,Looking at Target
757,0.01672123,62.35703,63.32484,,,Looking at Target
758,0.01641062,62.44272,63.3406,,,Looking at Target
759,0.01658061,62.47979,63.37646,,,Looking at Target
760,0.01699225,62.54107,63.41385,,,Looking at Target
761,0.01612766,62.63139,63.46531,,,Looking at Target
762,0.01687006,62.71176,63.51787,,,Looking at Target
763,0.0162618,62.8106,63.57041,,,Looking at Target
764,0.01656729,62.90152,63.64773,,,Looking at Target
765,0.01714892,62.96373,63.69392,,,Looking at Target
766,0.01599522,62.99191,63.75779,,,Looking at Target
767,0.01699396,63.0094,63.79249,,,Looking at Target
768,0.01612834,63.03438,63.87552,,,Looking at Target
769,0.01687552,63.06773,63.91725,,,Looking at Target
770,0.0169943,63.09362,63.9514,,,Looking at Target
771,0.01598122,63.12091,63.98177,,,Looking at Target
772,0.01699601,63.11829,63.97303,,,Looking at Target
773,0.01599522,63.10061,63.95172,,,Looking at Target
774,0.01699362,63.09602,63.9395,TRUE,0,Looking at Target
775,0.01613209,63.07681,63.92175,,,Not looking at Target
776,0.01685674,63.06491,63.90947,,,Not looking at Target
777,0.01627614,63.05482,63.89874,,,Not looking at Target
778,0.01671304,63.02164,63.87551,,,Not looking at Target
779,0.01699942,62.99549,63.85704,,,Not looking at Target
780,0.01598976,62.97778,63.8345,,,Not looking at Target
781,0.0165649,62.96438,63.8273,,,Not looking at Target
782,0.01656695,62.9542,63.8118,,,Not looking at Target
783,0.01685197,62.95837,63.80891,,,Not looking at Target
784,0.01700556,59.87144,59.71967,,,Not looking at Target
785,0.01598157,50.57885,49.18374,,,Not looking at Target
786,0.01642769,42.6731,41.83763,,,Not looking at Target
787,0.01656661,39.13012,37.95951,,,Not looking at Target
788,0.0169943,39.10262,37.95299,,,Looking at Target
789,0.01613892,39.11599,37.96716,,,Looking at Target
790,0.01684582,39.09644,37.98062,,,Looking at Target
791,0.01628672,39.10013,38.00142,,,Looking at Target
792,0.01670451,39.00776,38.02374,,,Looking at Target
793,0.01642837,39.03753,38.08085,,,Looking at Target
794,0.01656695,39.05978,38.13116,,,Looking at Target
795,0.01656729,39.09309,38.2331,,,Looking at Target
796,0.01656661,39.09715,38.45565,,,Looking at Target
797,0.01656661,39.07181,38.7814,,,Looking at Target
798,0.01656593,39.07241,38.84669,,,Looking at Target
799,0.01670041,39.09055,38.83454,,,Looking at Target
800,0.01643417,39.11683,38.86097,,,Looking at Target
801,0.01656661,39.12911,38.88773,,,Looking at Target
802,0.01656593,39.18118,38.9723,,,Looking at Target
803,0.01656729,39.19383,39.01123,,,Looking at Target
804,0.01684002,39.21478,39.05803,,,Looking at Target
805,0.01699635,39.25066,39.06719,,,Looking at Target
806,0.01586483,39.26212,39.0565,,,Looking at Target
807,0.01712332,39.26324,39.0586,,,Looking at Target
808,0.01600819,39.25435,39.02561,,,Looking at Target
809,0.01656627,39.24233,39.00676,,,Looking at Target
810,0.01656661,39.23378,38.97572,,,Looking at Target
811,0.01684616,39.2234,38.95049,,,Looking at Target
812,0.01628706,39.22329,38.91893,,,Looking at Target
813,0.01669427,39.22916,38.82907,,,Looking at Target
814,0.01701922,39.20141,38.79778,,,Looking at Target
815,0.01598703,39.20589,38.7701,,,Looking at Target
816,0.01656627,39.18412,38.70947,,,Looking at Target
817,0.01656661,39.15971,38.66577,,,Looking at Target
818,0.01656695,39.0892,38.64683,,,Looking at Target
819,0.01727112,39.0369,38.59235,,,Looking at Target
820,0.01598566,39.00908,38.58076,,,Looking at Target
821,0.01644339,39.00526,38.55231,,,Looking at Target
822,0.01656593,38.97443,38.4575,,,Looking at Target
823,0.01698645,38.95783,38.44574,,,Looking at Target
824,0.01614779,38.95811,38.45154,,,Looking at Target
825,0.01683114,38.95264,38.4565,,,Looking at Target
826,0.01630174,38.95936,38.46381,,,Looking at Target
827,0.01668642,38.96737,38.46989,,,Looking at Target
828,0.01644783,38.97313,38.47456,,,Looking at Target
829,0.01656661,38.98109,38.44334,TRUE,0,Looking at Target
830,0.01697041,38.98722,38.43124,,,Not looking at Target
831,0.0161635,38.99127,38.37226,,,Not looking at Target
832,0.01656661,38.991,38.37866,,,Not looking at Target
833,0.01727829,39.01296,38.39188,,,Not looking at Target
834,0.01596859,38.99527,38.3961,,,Not looking at Target
835,0.01645226,38.99909,38.38116,,,Not looking at Target
836,0.01656695,38.98876,38.37669,,,Not looking at Target
837,0.01697212,38.98121,38.36277,,,Not looking at Target
838,0.01616077,38.97438,38.35524,,,Not looking at Target
839,0.0168308,38.95931,38.35976,,,Not looking at Target
840,0.01630242,38.93332,38.27299,,,Not looking at Target
841,0.01668198,34.2337,34.2304,,,Not looking at Target
842,0.0164509,33.68061,34.14037,,,Looking at Target
843,0.01656695,33.54185,34.07597,,,Looking at Target
844,0.01696222,33.40301,34.05996,,,Looking at Target
845,0.01699533,33.28402,34.06124,,,Looking at Target
846,0.01599556,33.14276,34.07239,,,Looking at Target
847,0.01699294,33.14471,34.09117,,,Looking at Target
848,0.01600205,33.16114,34.10671,,,Looking at Target
849,0.01645192,32.58518,34.13815,,,Looking at Target
850,0.01656729,32.43904,34.14262,,,Looking at Target
851,0.01696051,28.8138,21.25398,,,Looking at Target
852,0.01699703,21.83919,22.56664,,,Not looking at Target
853,0.01574127,4.234893,eye closed,,,Not looking at Target
854,0.01724996,28.34994,eye closed,,,Not looking at Target
855,0.01588429,34.69714,eye closed,,,Not looking at Target
856,0.01656661,33.25162,eye closed,,,Not looking at Target
857,0.01755443,32.85166,eye closed,,,Looking at Target
858,0.0155805,32.91164,33.65945,,,Looking at Target
859,0.0165649,32.98939,33.62697,,,Looking at Target
860,0.01681032,33.07668,33.5703,,,Looking at Target
861,0.01632426,33.04693,33.57698,,,Looking at Target
862,0.01666526,32.99654,33.59308,,,Looking at Target
863,0.01699567,33.02004,33.53945,,,Looking at Target
864,0.01603823,33.15354,33.39531,,,Looking at Target
865,0.01695266,33.18523,33.3103,,,Looking at Target
866,0.01699669,33.19632,33.27688,,,Looking at Target
867,0.0157498,33.23033,33.25491,,,Looking at Target
868,0.01656695,33.29897,33.243,,,Looking at Target
869,0.01666526,33.38309,33.24139,,,Looking at Target
870,0.01646796,33.43376,33.23473,,,Looking at Target
871,0.01656695,33.55456,33.21672,,,Looking at Target
872,0.01656593,33.55771,33.17026,,,Looking at Target
873,0.01737762,33.56739,33.11745,,,Looking at Target
874,0.01599454,33.5378,33.09734,,,Looking at Target
875,0.01632768,33.55899,33.07038,,,Looking at Target
876,0.01666082,33.5578,33.08457,,,Looking at Target
877,0.01699601,33.58204,33.07528,,,Looking at Target
878,0.01604301,33.58477,33.03957,,,Looking at Target
879,0.01656695,33.53259,33.02992,,,Looking at Target
880,0.01737352,33.51168,33.00187,,,Looking at Target
881,0.01599317,33.48163,32.97946,,,Looking at Target
882,0.0163345,33.43737,32.96165,,,Looking at Target
883,0.01665775,33.42327,32.96123,,,Looking at Target
884,0.0169943,33.42515,32.96299,,,Looking at Target
885,0.01604676,33.43591,32.98195,,,Looking at Target
886,0.01694071,33.45978,33.00805,,,Looking at Target
887,0.01619353,33.45584,32.99942,,,Looking at Target
888,0.01679599,33.45514,32.99094,,,Looking at Target
889,0.01633826,33.44188,32.98347,,,Looking at Target
890,0.01665467,33.43001,32.98502,,,Looking at Target
891,0.01698782,33.41753,33.00237,,,Looking at Target
892,0.016057,33.41497,33.00931,,,Looking at Target
893,0.01693423,33.42342,33.04563,TRUE,0,Looking at Target
894,0.01699703,33.42807,33.11476,,,Not looking at Target
895,0.01599454,33.44324,33.12206,,,Not looking at Target
896,0.01699055,33.43898,33.12711,,,Not looking at Target
897,0.01599761,33.40673,33.11792,,,Not looking at Target
898,0.01648503,33.3822,33.10186,,,Not looking at Target
899,0.01656661,33.35788,33.07841,,,Not looking at Target
900,0.0169332,33.33717,33.05746,,,Not looking at Target
901,0.01620002,33.324,33.04741,,,Not looking at Target
902,0.01678745,33.35221,33.04251,,,Not looking at Target
903,0.01699498,33.35398,33.04084,,,Not looking at Target
904,0.01599522,33.59243,33.67229,,,Not looking at Target
905,0.01648947,41.86951,43.29253,,,Not looking at Target
906,0.01656627,49.65709,51.22017,,,Not looking at Target
907,0.01692979,56.32975,57.51185,,,Not looking at Target
908,0.01620377,60.30803,61.48189,,,Not looking at Target
909,0.01679667,60.24278,62.05291,,,Looking at Target
910,0.01633621,60.2281,61.94892,,,Looking at Target
911,0.01664307,60.2199,61.81777,,,Looking at Target
912,0.01649049,60.23306,61.78728,,,Looking at Target
913,0.01750016,60.29826,61.77816,,,Looking at Target
914,0.01563375,60.24157,61.72745,,,Looking at Target
915,0.01656627,60.17783,61.66484,,,Looking at Target
916,0.01656695,60.11303,61.61391,,,Looking at Target
917,0.01656627,60.24222,61.53781,,,Looking at Target
918,0.0166417,61.31584,63.12709,,,Looking at Target
919,0.01649425,62.0341,63.32526,,,Looking at Target
920,0.01656456,62.11184,63.35826,,,Looking at Target
921,0.01656695,62.18339,63.40821,,,Looking at Target
922,0.01656593,62.22177,63.39515,,,Looking at Target
923,0.01656627,62.3681,63.38166,,,Looking at Target
924,0.01656763,62.39468,63.40185,,,Looking at Target
925,0.0166574,62.39479,63.31905,,,Looking at Target
926,0.01647616,62.47749,63.24676,,,Looking at Target
927,0.01656593,62.4361,63.16255,,,Looking at Target
928,0.01691716,62.40014,63.08382,,,Looking at Target
929,0.01621538,62.36846,63.02775,,,Looking at Target
930,0.01677414,62.35048,62.98343,,,Looking at Target
931,0.01635976,62.34863,62.94686,,,Looking at Target
932,0.01662942,62.49859,62.92175,,,Looking at Target
933,0.01650483,62.54246,62.90649,,,Looking at Target
934,0.01656593,62.62047,62.90861,,,Looking at Target
935,0.01656661,62.73712,62.91839,,,Looking at Target
936,0.01734212,62.79155,62.93707,,,Looking at Target
937,0.01599317,62.8433,62.95755,,,Looking at Target
938,0.01699601,62.87596,62.97908,,,Looking at Target
939,0.01599488,62.88183,62.99051,,,Looking at Target
940,0.01650722,62.92744,63.01295,,,Looking at Target
941,0.01656729,62.9828,63.00399,,,Looking at Target
942,0.01691853,63.13624,63.01511,,,Looking at Target
943,0.01621401,63.2322,63.03368,,,Looking at Target
944,0.01679394,63.22157,63.05438,,,Looking at Target
945,0.01634133,63.23283,63.05695,,,Looking at Target
946,0.01662191,63.24325,63.04673,,,Looking at Target
947,0.01651166,63.25232,63.04526,,,Looking at Target
948,0.01656524,63.25201,63.03884,,,Looking at Target
949,0.0169076,63.25166,63.01934,,,Looking at Target
950,0.01622596,63.23816,62.9768,TRUE,0,Looking at Target
951,0.01675912,63.23536,62.97216,,,Not looking at Target
952,0.01700113,63.20131,62.96294,,,Not looking at Target
953,0.01600478,63.16803,62.95827,,,Not looking at Target
954,0.01702366,63.14301,62.94954,,,Not looking at Target
955,0.0160454,63.03659,62.84456,,,Not looking at Target
956,0.01656559,62.98745,62.72863,,,Not looking at Target
957,0.01656695,62.91613,62.69962,,,Not looking at Target
958,0.01675605,62.8718,62.67564,,,Not looking at Target
959,0.01637615,62.53572,62.64052,,,Not looking at Target
960,0.01662157,54.57108,54.51915,,,Not looking at Target
961,0.01698816,46.36032,45.47195,,,Not looking at Target
962,0.01609148,39.93557,38.96711,,,Not looking at Target
963,0.01690385,39.2375,38.43689,,,Looking at Target
964,0.01622972,39.0298,38.1564,,,Looking at Target
965,0.01656661,38.93336,38.15077,,,Looking at Target
966,0.01718101,38.88415,38.09871,,,Looking at Target
967,0.01601024,38.82629,38.09208,,,Looking at Target
968,0.01650824,38.78345,38.10277,,,Looking at Target
969,0.01656763,38.76955,38.13626,,,Looking at Target
970,0.01689395,38.84763,38.176,,,Looking at Target
971,0.01699464,38.88039,38.20301,,,Looking at Target
972,0.01599522,38.89925,38.23563,,,Looking at Target
973,0.01699533,38.91755,38.22217,,,Looking at Target
974,0.01599624,38.92996,38.22742,,,Looking at Target
975,0.0165236,38.98092,38.23466,,,Looking at Target
976,0.01656798,38.99331,38.24288,,,Looking at Target
977,0.01689327,38.9962,38.25216,,,Looking at Target
978,0.01623927,39.01022,38.20041,,,Looking at Target
979,0.01656695,39.01307,38.19907,,,Looking at Target
980,0.01717691,39.01453,38.19325,,,Looking at Target
981,0.01599078,39.01194,38.21239,,,Looking at Target
982,0.01699601,39.00726,38.25748,,,Looking at Target
983,0.01610206,39.00233,38.27788,,,Looking at Target
984,0.01656661,38.98895,38.2542,,,Looking at Target
985,0.01731652,38.99494,38.24315,,,Looking at Target
986,0.01599488,38.98021,38.24372,,,Looking at Target
987,0.01638878,38.95805,38.23164,,,Looking at Target
988,0.01659972,38.93046,38.15535,,,Looking at Target
989,0.0169926,38.90691,38.17944,,,Looking at Target
990,0.01610683,38.89184,38.15857,,,Looking at Target
991,0.01688473,38.87133,38.13375,,,Looking at Target
992,0.01624951,38.85144,38.12133,,,Looking at Target
993,0.01682534,38.84899,38.09843,,,Looking at Target
994,0.01690828,38.8459,38.10692,,,Looking at Target
995,0.01599454,38.85625,38.12143,,,Looking at Target
996,0.0169984,38.85749,38.13657,,,Looking at Target
997,0.01610615,38.8507,38.11297,,,Looking at Target
998,0.01656763,38.85836,38.03917,,,Looking at Target
999,0.01656661,38.85244,38.0309,,,Looking at Target
1000,0.01673421,38.85065,38.03911,,,Looking at Target
1001,0.01639936,38.85796,38.05699,,,Looking at Target
1002,0.01659221,38.87435,38.11929,,,Looking at Target
1003,0.01654101,38.91171,38.13778,,,Looking at Target
1004,0.01656627,38.94642,38.16566,TRUE,0,Looking at Target
1005,0.01687791,38.95177,38.17769,,,Not looking at Target
1006,0.01625566,38.95025,38.15425,,,Not looking at Target
1007,0.01673386,38.94168,38.19296,,,Not looking at Target
1008,0.01642837,38.95088,38.17694,,,Not looking at Target
1009,0.01655774,38.95611,38.18369,,,Not looking at Target
1010,0.01654613,38.94869,38.18853,,,Not looking at Target
1011,0.01656593,38.92368,38.25555,,,Not looking at Target
1012,0.01687552,38.9188,38.25078,,,Not looking at Target
1013,0.01625975,38.90428,38.23644,,,Not looking at Target
1014,0.01680793,38.91026,38.28196,,,Not looking at Target
1015,0.01691443,36.23554,36.32408,,,Not looking at Target
1016,0.01599385,34.22839,34.7653,,,Not looking at Target
1017,0.0165492,32.59393,33.21939,,,Looking at Target
1018,0.01656661,32.49777,33.13648,,,Looking at Target
1019,0.01690351,32.51038,33.10687,,,Looking at Target
1020,0.0162304,32.51798,33.07087,,,Looking at Target
1021,0.01672431,32.48359,33.07291,,,Looking at Target
1022,0.01640926,32.49429,33.08393,,,Looking at Target
1023,0.0165847,32.51449,33.09509,,,Looking at Target
1024,0.0165475,32.47013,33.11026,,,Looking at Target
1025,0.01656695,32.42171,33.10764,,,Looking at Target
1026,0.01656798,32.41617,33.08911,,,Looking at Target
1027,0.01729058,32.35676,33.05729,,,Looking at Target
1028,0.01584162,32.27721,32.89411,,,Looking at Target
1029,0.01714722,32.25953,32.86857,,,Looking at Target
1030,0.01599897,32.25871,32.84641,,,Looking at Target
1031,0.01699191,32.24685,32.82021,,,Looking at Target
1032,0.01612868,32.18089,32.83731,,,Looking at Target
1033,0.01686186,32.19255,32.84926,,,Looking at Target
1034,0.0162717,32.21338,32.88057,,,Looking at Target
1035,0.01656593,32.25514,32.93202,,,Looking at Target
1036,0.01656729,32.37379,32.99223,,,Looking at Target
1037,0.01657173,32.48172,33.02092,,,Looking at Target
1038,0.01699328,32.69492,33.0422,,,Looking at Target
1039,0.01613414,32.79896,33.07591,,,Looking at Target
1040,0.01686698,32.81422,33.08958,,,Looking at Target
1041,0.01626828,32.83737,33.10638,,,Looking at Target
1042,0.01672635,32.85145,33.10065,,,Looking at Target
1043,0.01640516,32.85706,33.0957,,,Looking at Target
1044,0.01656763,32.84896,33.0749,,,Looking at Target
1045,0.01656593,32.85388,33.05981,,,Looking at Target
1046,0.01656695,32.91729,33.05648,,,Looking at Target
1047,0.01657275,32.92512,33.06172,,,Looking at Target
1048,0.01656047,32.93571,33.05528,,,Looking at Target
1049,0.01670792,32.95012,33.05323,,,Looking at Target
1050,0.01642598,32.94168,32.97038,,,Looking at Target
1051,0.01656593,32.91497,32.95743,,,Looking at Target
1052,0.01699294,33.02731,32.93365,,,Looking at Target
1053,0.01699976,33.0468,32.93518,,,Looking at Target
1054,0.01598907,33.11042,32.97376,,,Looking at Target
1055,0.01699771,33.1585,32.97683,,,Looking at Target
1056,0.01599215,33.12782,33.00444,,,Looking at Target
1057,0.01642871,33.13879,33.01277,,,Looking at Target
1058,0.01656798,33.13605,33.01711,TRUE,0,Looking at Target
1059,0.0165649,33.11299,32.94556,,,Not looking at Target
1060,0.01744554,33.11594,32.94722,,,Not looking at Target
1061,0.01596928,33.06208,32.94526,,,Not looking at Target
1062,0.01699157,32.98454,32.9432,,,Not looking at Target
1063,0.01600921,32.92837,32.92976,,,Not looking at Target
1064,0.01698099,32.91576,32.90565,,,Not looking at Target
1065,0.01600546,32.90471,32.88142,,,Not looking at Target
1066,0.0165649,32.88274,32.87969,,,Not looking at Target
1067,0.01656593,32.89801,32.87383,,,Not looking at Target
1068,0.01685026,36.96601,37.61087,,,Not looking at Target
1069,0.0162833,45.44778,46.67015,,,Not looking at Target
1070,0.01669802,53.71722,54.97806,,,Not looking at Target
1071,0.0169943,60.89045,60.27348,,,Not looking at Target
1072,0.01600751,61.07541,63.89843,,,Not looking at Target
1073,0.01698338,61.1779,63.83441,,,Looking at Target
1074,0.01699328,61.31961,63.62752,,,Looking at Target
1075,0.01599385,61.26155,63.03681,,,Looking at Target
1076,0.01629696,61.40047,62.93592,,,Looking at Target
1077,0.01669461,61.45173,62.60814,,,Looking at Target
1078,0.01699328,61.63414,62.45882,,,Looking at Target
1079,0.01601194,61.59034,62.3425,,,Looking at Target
1080,0.01656729,61.55874,62.25515,,,Looking at Target
1081,0.01656695,61.46354,62.14404,,,Looking at Target
1082,0.01683285,61.4197,62.01035,,,Looking at Target
1083,0.01630071,61.31262,61.89287,,,Looking at Target
1084,0.01656593,61.22659,61.78929,,,Looking at Target
1085,0.01712503,61.16431,61.7128,,,Looking at Target
1086,0.01600853,61.10909,61.63826,,,Looking at Target
1087,0.01697519,61.06616,61.55096,,,Looking at Target
1088,0.01615872,60.99793,61.48492,,,Looking at Target
1089,0.01656661,60.90241,61.39161,,,Looking at Target
1090,0.01656661,61.00426,61.28797,,,Looking at Target
1091,0.01668539,60.98759,61.23437,,,Looking at Target
1092,0.01644714,60.97544,61.1833,,,Looking at Target
1093,0.01656661,61.08314,61.13573,,,Looking at Target
1094,0.01656627,61.12202,61.11425,,,Looking at Target
1095,0.01656695,61.15943,61.10891,,,Looking at Target
1096,0.01682534,61.17515,61.10307,,,Looking at Target
1097,0.01630822,61.19374,61.12553,,,Looking at Target
1098,0.01668027,61.21009,61.14871,,,Looking at Target
1099,0.01645295,61.23869,61.16348,,,Looking at Target
1100,0.01656593,61.26745,61.19546,,,Looking at Target
1101,0.01656729,61.26524,61.24232,,,Looking at Target
1102,0.01656763,61.27663,61.25922,,,Looking at Target
1103,0.0168192,61.29412,61.29333,,,Looking at Target
1104,0.01631266,61.31046,61.30894,,,Looking at Target
1105,0.01668369,61.32772,61.34145,,,Looking at Target
1106,0.01698952,61.34158,61.35471,,,Looking at Target
1107,0.01603311,61.37493,61.37794,,,Looking at Target
1108,0.01656183,61.4165,61.41236,,,Looking at Target
1109,0.01656661,61.46405,61.44099,,,Looking at Target
1110,0.01656559,61.5157,61.46748,,,Looking at Target
1111,0.01656695,61.58372,61.48477,,,Looking at Target
1112,0.0166755,61.60351,61.51348,,,Looking at Target
1113,0.01645909,61.65015,61.56573,,,Looking at Target
1114,0.01656695,61.71548,61.6849,TRUE,0,Looking at Target
1115,0.01656559,61.76797,61.75267,,,Not looking at Target
1116,0.01656661,61.79832,61.79666,,,Not looking at Target
1117,0.01656661,61.82245,61.83739,,,Not looking at Target
1118,0.01656695,61.84026,61.86576,,,Not looking at Target
1119,0.01668403,61.86267,61.91072,,,Not looking at Target
1120,0.01644987,61.8934,61.95285,,,Not looking at Target
1121,0.01656627,61.91012,62.00569,,,Not looking at Target
1122,0.01656593,60.1354,60.05396,,,Not looking at Target
1123,0.01656729,54.76757,54.64421,,,Not looking at Target
1124,0.01656661,48.043,45.80683,,,Not looking at Target
1125,0.01656763,39.84766,38.53225,,,Not looking at Target
1126,0.01669871,39.3058,38.02147,,,Looking at Target
1127,0.01643349,38.90893,37.94328,,,Looking at Target
1128,0.01656763,38.93169,37.75713,,,Looking at Target
1129,0.01656456,38.90119,37.76974,,,Looking at Target
1130,0.01656695,38.8973,37.77695,,,Looking at Target
1131,0.01680896,38.894,37.80635,,,Looking at Target
1132,0.01886447,38.92046,37.90295,,,Looking at Target
1133,0.01712264,38.93283,37.9357,,,Looking at Target
1134,0.01601263,38.96182,37.96422,,,Looking at Target
1135,0.01697894,38.98999,37.93755,,,Looking at Target
1136,0.01615565,39.00036,37.95409,,,Looking at Target
1137,0.01683388,38.99102,37.96252,,,Looking at Target
1138,0.01629866,38.95234,37.9711,,,Looking at Target
1139,0.01656729,38.97421,37.93312,,,Looking at Target
1140,0.01656661,38.98164,37.94069,,,Looking at Target
1141,0.01656593,38.98438,37.94296,,,Looking at Target
1142,0.0169745,38.99461,37.95502,,,Looking at Target
1143,0.01699089,39.00404,38.01176,,,Looking at Target
1144,0.01573478,39.03084,38.1092,,,Looking at Target
1145,0.01656661,39.04874,38.21747,,,Looking at Target
1146,0.01668369,39.04557,38.23235,,,Looking at Target
1147,0.01644953,39.03793,38.25245,,,Looking at Target
1148,0.01656559,38.99765,38.23077,,,Looking at Target
1149,0.01697041,38.96076,38.20066,,,Looking at Target
1150,0.01616418,38.94865,38.16617,,,Looking at Target
1151,0.01682329,38.93156,38.17508,,,Looking at Target
1152,0.01699396,38.90775,38.15978,,,Looking at Target
1153,0.01588224,38.87471,38.13243,,,Looking at Target
1154,0.01656593,38.81417,38.10035,,,Looking at Target
1155,0.01656695,38.79298,38.09004,,,Looking at Target
1156,0.01656729,38.78852,38.05349,,,Looking at Target
1157,0.01656661,38.76314,38.05298,,,Looking at Target
1158,0.01683592,38.73899,38.02802,,,Looking at Target
1159,0.01697758,38.76429,38.03475,,,Looking at Target
1160,0.01588599,38.79773,38.01884,,,Looking at Target
1161,0.01710728,38.81608,38.07397,,,Looking at Target
1162,0.01602628,38.8378,38.07034,,,Looking at Target
1163,0.01696358,38.80248,38.07309,,,Looking at Target
1164,0.01617066,38.78294,38.03333,,,Looking at Target
1165,0.01656627,38.77296,37.9941,,,Looking at Target
1166,0.01724655,38.75975,37.92307,,,Looking at Target
1167,0.01599419,38.77016,37.92771,TRUE,0,Looking at Target
1168,0.01699294,38.75909,37.93003,,,Not looking at Target
1169,0.01603447,38.77684,37.94709,,,Not looking at Target
1170,0.01695607,38.7218,37.97424,,,Not looking at Target
1171,0.01617613,38.73737,37.98875,,,Not looking at Target
1172,0.01681442,38.77607,37.6886,,,Not looking at Target
1173,0.01631914,38.82487,37.7452,,,Not looking at Target
1174,0.01669393,38.85421,37.84112,,,Not looking at Target
1175,0.01643861,38.72493,38.04925,,,Not looking at Target
1176,0.01656695,38.79226,38.94847,,,Not looking at Target
1177,0.01696938,24.15923,68.50159,,,Not looking at Target
1178,0.01616281,eye closed,eye closed,,,Not looking at Target
1179,0.01681237,eye closed,eye closed,,,Not looking at Target
1180,0.01632222,eye closed,eye closed,,,Not looking at Target
1181,0.0166656,32.29067,32.45875,,,Not looking at Target
1182,0.01646694,32.32358,32.44347,,,Looking at Target
1183,0.01656763,32.53144,32.42698,,,Looking at Target
1184,0.01694925,32.88091,32.4072,,,Looking at Target
1185,0.01618295,32.9046,32.46451,,,Looking at Target
1186,0.01680691,32.81221,32.59269,,,Looking at Target
1187,0.01632768,32.78652,32.67115,,,Looking at Target
1188,0.01666082,32.78658,32.66553,,,Looking at Target
1189,0.01699464,32.70876,32.73508,,,Looking at Target
1190,0.01604335,32.70807,32.73693,,,Looking at Target
1191,0.01656695,32.70616,32.79134,,,Looking at Target
1192,0.01737625,32.69004,32.81787,,,Looking at Target
1193,0.01599419,32.70447,32.88564,,,Looking at Target
1194,0.01633007,32.74371,32.99136,,,Looking at Target
1195,0.01665911,32.78701,33.02212,,,Looking at Target
1196,0.01647445,32.80589,33.10918,,,Looking at Target
1197,0.01656661,32.84011,33.13293,,,Looking at Target
1198,0.01694139,32.86281,33.14912,,,Looking at Target
1199,0.01619217,32.87598,33.16789,,,Looking at Target
1200,0.01656763,32.87878,33.18803,,,Looking at Target
1201,0.01722402,32.89144,33.20621,,,Looking at Target
1202,0.01599693,32.89632,33.21258,,,Looking at Target
1203,0.0164765,32.85736,33.22852,,,Looking at Target
1204,0.01656763,32.82882,33.22802,,,Looking at Target
1205,0.01694071,32.81795,33.22371,,,Looking at Target
1206,0.01619183,32.73601,33.20461,,,Looking at Target
1207,0.01683865,32.67926,33.19098,,,Looking at Target
1208,0.01695129,32.64017,33.17925,,,Looking at Target
1209,0.01599249,32.61217,33.16743,,,Looking at Target
1210,0.01648401,32.5666,33.16144,,,Looking at Target
1211,0.01656729,32.54951,33.159,,,Looking at Target
1212,0.01656729,32.53988,33.16182,,,Looking at Target
1213,0.01656695,32.55424,33.16617,,,Looking at Target
1214,0.0167895,32.56803,33.17054,,,Looking at Target
1215,0.0163427,32.55507,33.17009,,,Looking at Target
1216,0.0166656,32.50974,33.16514,,,Looking at Target
1217,0.01697826,32.45218,33.16249,,,Looking at Target
1218,0.016057,32.44905,33.1668,,,Looking at Target
1219,0.01693047,32.44935,33.17235,,,Looking at Target
1220,0.01620207,32.4438,33.17839,,,Looking at Target
1221,0.01678677,32.46428,33.17951,,,Looking at Target
1222,0.01634645,32.48403,33.1711,,,Looking at Target
1223,0.01664546,32.49813,33.17268,TRUE,0,Looking at Target
1224,0.01699601,32.48689,33.17532,,,Not looking at Target
1225,0.01605905,32.47994,33.18396,,,Not looking at Target
1226,0.01656695,32.49411,33.19521,,,Not looking at Target
1227,0.01656661,32.49735,33.18282,,,Not looking at Target
1228,0.01679428,32.49472,33.17445,,,Not looking at Target
1229,0.01633894,32.5101,33.16316,,,Not looking at Target
1230,0.01663692,32.49131,33.13147,,,Not looking at Target
1231,0.01649664,32.4808,33.10405,,,Not looking at Target
1232,0.01656593,37.20444,38.19037,,,Not looking at Target
1233,0.01656661,44.97721,46.64514,,,Not looking at Target
1234,0.01656661,52.48653,54.57956,,,Not looking at Target
1235,0.01656593,57.77099,60.69129,,,Not looking at Target
1236,0.01656729,60.73589,62.46965,,,Looking at Target
1237,0.01663522,61.14883,62.75328,,,Looking at Target
1238,0.01699294,61.2193,62.81744,,,Looking at Target
1239,0.01607202,61.19556,63.158,,,Looking at Target
1240,0.01692091,61.18589,63.2691,,,Looking at Target
1241,0.01699328,61.16172,63.35888,,,Looking at Target
1242,0.0159959,61.1785,63.42361,,,Looking at Target
1243,0.01635669,61.1435,63.41613,,,Looking at Target
1244,0.01663078,61.09834,63.4515,,,Looking at Target
1245,0.01650244,61.13842,63.47641,,,Looking at Target
1246,0.01656695,61.09864,63.44377,,,Looking at Target
1247,0.01656695,61.11786,63.49772,,,Looking at Target
1248,0.01656695,61.0807,63.5885,,,Looking at Target
1249,0.01677414,61.17926,63.61716,,,Looking at Target
1250,0.01699089,61.44296,63.66584,,,Looking at Target
1251,0.01599727,61.44016,63.62399,,,Looking at Target
1252,0.01699328,61.52784,63.6152,,,Looking at Target
1253,0.0160768,61.48982,63.58803,,,Looking at Target
1254,0.01656695,61.50869,62.45225,,,Looking at Target
1255,0.01656798,61.5426,62.1147,,,Looking at Target
1256,0.016768,61.4701,62.02998,,,Looking at Target
1257,0.01699225,61.42662,61.95594,,,Looking at Target
1258,0.01599454,61.40214,61.89563,,,Looking at Target
1259,0.01699601,61.38823,61.84801,,,Looking at Target
1260,0.01608089,61.36494,61.79604,,,Looking at Target
1261,0.01690863,61.3547,61.72941,,,Looking at Target
1262,0.01622596,61.39336,61.42026,,,Looking at Target
1263,0.01656627,61.37552,61.3069,,,Looking at Target
1264,0.01718886,61.36445,61.25416,,,Looking at Target
1265,0.01599556,61.35979,61.24143,,,Looking at Target
1266,0.01699669,61.36156,61.23645,,,Looking at Target
1267,0.01608431,61.44635,61.23338,,,Looking at Target
1268,0.01690419,61.44499,61.1644,,,Looking at Target
1269,0.01622937,61.47047,61.1343,,,Looking at Target
1270,0.01675946,61.47259,61.07399,,,Looking at Target
1271,0.0163741,61.48803,61.07518,,,Looking at Target
1272,0.01662737,61.47616,61.06133,,,Looking at Target
1273,0.01698474,61.4733,61.05373,,,Looking at Target
1274,0.01609011,61.44413,61.05221,,,Looking at Target
1275,0.01656456,61.46309,61.02148,,,Looking at Target
1276,0.01656729,61.49096,60.94169,,,Looking at Target
1277,0.01656695,61.52744,60.77964,TRUE,0,Looking at Target
1278,0.01656593,61.56112,60.75884,,,Not looking at Target
1279,0.01662669,61.60842,60.72059,,,Not looking at Target
1280,0.01698201,61.65703,60.63596,,,Not looking at Target
1281,0.01609148,61.71917,60.62347,,,Not looking at Target
1282,0.01691272,61.71019,60.66789,,,Not looking at Target
1283,0.01697621,61.74312,60.70399,,,Not looking at Target
1284,0.01581192,61.77864,60.74305,,,Not looking at Target
1285,0.01656627,55.38457,54.94041,,,Not looking at Target
1286,0.01660894,51.89241,51.66704,,,Not looking at Target
1287,0.01699533,45.64413,43.60052,,,Not looking at Target
1288,0.01609523,38.26589,38.32361,,,Not looking at Target
1289,0.01689019,37.86514,37.58457,,,Looking at Target
1290,0.01624234,37.64732,37.33076,,,Looking at Target
1291,0.01674854,37.65622,37.17284,,,Looking at Target
1292,0.01699464,37.67965,37.19066,,,Looking at Target
1293,0.01599761,37.58303,37.22165,,,Looking at Target
1294,0.01699328,37.50982,37.22324,,,Looking at Target
1295,0.01609932,37.51678,37.17661,,,Looking at Target
1296,0.01689019,37.40477,37.18036,,,Looking at Target
1297,0.01624337,37.40565,37.18322,,,Looking at Target
1298,0.01674922,37.40499,37.24547,,,Looking at Target
1299,0.0169926,37.41042,37.17669,,,Looking at Target
1300,0.01599249,37.42387,37.13145,,,Looking at Target
1301,0.01699737,37.42922,37.10861,,,Looking at Target
1302,0.01610171,37.43674,37.11151,,,Looking at Target
1303,0.01656695,37.44216,37.11681,,,Looking at Target
1304,0.01656627,37.46875,37.12312,,,Looking at Target
1305,0.0167424,37.46124,37.17385,,,Looking at Target
1306,0.01639219,37.45939,37.21669,,,Looking at Target
1307,0.01659972,37.47858,37.22264,,,Looking at Target
1308,0.01699225,37.5397,37.25272,,,Looking at Target
1309,0.01610752,37.68966,37.27728,,,Looking at Target
1310,0.0168803,39.11315,38.68452,,,Looking at Target
1311,0.01625258,39.23477,38.8264,,,Looking at Target
1312,0.01675298,39.31458,38.89015,,,Looking at Target
1313,0.01638161,39.39536,38.94643,,,Looking at Target
1314,0.01659119,39.52616,39.02552,,,Looking at Target
1315,0.01654306,39.58576,39.03156,,,Looking at Target
1316,0.01656422,39.57598,39.02615,,,Looking at Target
1317,0.01656866,39.57036,39.0076,,,Looking at Target
1318,0.01732881,39.54915,38.9922,,,Looking at Target
1319,0.01596825,39.54366,39.01111,,,Looking at Target
1320,0.01699635,39.52858,38.99771,,,Looking at Target
1321,0.01599351,39.51097,38.97997,,,Looking at Target
1322,0.01699874,39.50602,38.95824,,,Looking at Target
1323,0.01627443,39.50027,38.94153,,,Looking at Target
1324,0.01671338,39.49118,38.94575,,,Looking at Target
1325,0.01642154,39.47992,38.93202,,,Looking at Target
1326,0.01657071,39.45392,38.89761,,,Looking at Target
1327,0.01656251,39.40163,38.875,,,Looking at Target
1328,0.01656695,39.37584,38.84382,,,Looking at Target
1329,0.0168506,39.33155,38.75142,,,Looking at Target
1330,0.01628296,39.2943,38.7279,TRUE,0,Looking at Target
1331,0.01671338,39.2435,38.76057,,,Not looking at Target
1332,0.01698679,39.19389,38.76651,,,Not looking at Target
1333,0.01600921,39.16776,38.74951,,,Not looking at Target
1334,0.01655671,39.14291,38.72256,,,Not looking at Target
1335,0.01656593,39.13231,38.69647,,,Not looking at Target
1336,0.01684923,39.16927,38.67381,,,Not looking at Target
1337,0.01628638,39.16358,38.66735,,,Not looking at Target
1338,0.01670212,39.14968,38.6671,,,Not looking at Target
1339,0.01699806,39.15862,38.67575,,,Not looking at Target
1340,0.01599863,38.86582,38.64711,,,Not looking at Target
1341,0.01656593,33.01573,33.92263,,,Not looking at Target
1342,0.01656866,31.04906,32.35025,,,Looking at Target
1343,0.01684138,31.06388,32.28521,,,Looking at Target
1344,0.01629115,31.10367,32.317,,,Looking at Target
1345,0.01669768,31.16234,32.31112,,,Looking at Target
1346,0.01643656,31.29734,32.29802,,,Looking at Target
1347,0.01656422,31.50012,32.31176,,,Looking at Target
1348,0.01698543,31.53331,32.33912,,,Looking at Target
1349,0.01614882,31.58122,32.37801,,,Looking at Target
1350,0.01683729,31.63546,32.38161,,,Looking at Target
1351,0.01699976,31.65378,32.39573,,,Looking at Target
1352,0.0159901,31.80779,32.41004,,,Looking at Target
1353,0.01699942,31.85174,32.42289,,,Looking at Target
1354,0.01600819,31.93329,32.45234,,,Looking at Target
1355,0.01656559,31.97861,32.46677,,,Looking at Target
1356,0.01740834,32.01621,32.48438,,,Looking at Target
1357,0.01599249,32.04021,32.49054,,,Looking at Target
1358,0.01629901,32.07885,32.50573,,,Looking at Target
1359,0.01669256,32.14922,32.51044,,,Looking at Target
1360,0.01699567,32.18378,32.52177,,,Looking at Target
1361,0.01601228,32.19318,32.52779,,,Looking at Target
1362,0.01697587,32.26453,32.51081,,,Looking at Target
1363,0.01615769,32.2533,32.48011,,,Looking at Target
1364,0.01683319,32.24987,32.42791,,,Looking at Target
1365,0.01630003,32.2332,32.38684,,,Looking at Target
1366,0.01668744,32.231,32.37504,,,Looking at Target
1367,0.01644578,32.21495,32.36337,,,Looking at Target
1368,0.01656763,32.21091,32.34811,,,Looking at Target
1369,0.01656593,32.21019,32.34595,,,Looking at Target
1370,0.01656627,32.20848,32.33682,,,Looking at Target
1371,0.01683592,32.21342,32.32117,,,Looking at Target
1372,0.01629662,32.18735,32.31344,,,Looking at Target
1373,0.01672362,32.18472,32.3096,,,Looking at Target
1374,0.01698372,32.18488,32.31006,,,Looking at Target
1375,0.01599283,32.19696,32.31917,,,Looking at Target
1376,0.0169728,32.22187,32.33272,,,Looking at Target
1377,0.01615974,32.23015,32.3465,,,Looking at Target
1378,0.01682568,32.24881,32.36305,,,Looking at Target
1379,0.01630754,32.27113,32.38379,,,Looking at Target
1380,0.01668232,32.28613,32.415,,,Looking at Target
1381,0.01699294,32.30616,32.42983,,,Looking at Target
1382,0.01602526,32.32375,32.45708,,,Looking at Target
1383,0.01656661,32.37532,32.48738,TRUE,0,Looking at Target
1384,0.01656661,32.40781,32.48253,,,Not looking at Target
1385,0.01656627,32.41173,32.49204,,,Not looking at Target
1386,0.01724928,32.38041,32.50048,,,Not looking at Target
1387,0.01599488,32.39286,32.51253,,,Not looking at Target
1388,0.01699396,32.39429,32.52401,,,Not looking at Target
1389,0.01602935,32.40832,32.53676,,,Not looking at Target
1390,0.01656695,32.4646,32.55714,,,Not looking at Target
1391,0.01656627,36.59926,37.48331,,,Not looking at Target
1392,0.01684207,45.5121,45.44511,,,Not looking at Target
1393,0.01697212,52.3764,54.22075,,,Not looking at Target
1394,0.01599181,57.66012,59.5704,,,Not looking at Target
1395,0.0164608,60.41041,61.04223,,,Looking at Target
1396,0.01656695,60.45584,61.23631,,,Looking at Target
1397,0.01695607,60.40685,61.42155,,,Looking at Target
1398,0.0169943,60.35793,61.38032,,,Looking at Target
1399,0.01599419,60.27478,61.15131,,,Looking at Target
1400,0.01702058,60.21963,60.99612,,,Looking at Target
1401,0.01596791,60.40651,60.88,,,Looking at Target
1402,0.01646626,60.33004,60.76675,,,Looking at Target
1403,0.01656661,60.34183,60.65077,,,Looking at Target
1404,0.01704004,60.28202,60.54683,,,Looking at Target
1405,0.01609318,60.18916,60.43153,,,Looking at Target
1406,0.01680725,60.15946,60.33795,,,Looking at Target
1407,0.01632699,60.20171,60.26949,,,Looking at Target
1408,0.0166656,60.3004,60.38677,,,Looking at Target
1409,0.01646728,62.8082,62.04256,,,Looking at Target
1410,0.01656593,62.94016,62.19495,,,Looking at Target
1411,0.01695368,62.85163,62.36523,,,Looking at Target
1412,0.01618022,62.88388,62.40894,,,Looking at Target
1413,0.01680315,63.00966,62.46659,,,Looking at Target
1414,0.01632972,62.98286,62.52488,,,Looking at Target
1415,0.01666048,63.04089,62.5928,,,Looking at Target
1416,0.01699498,63.13107,62.65387,,,Looking at Target
1417,0.01701,63.15134,62.71132,,,Looking at Target
1418,0.01597918,63.16295,62.73281,,,Looking at Target
1419,0.0161891,63.27198,62.78207,,,Looking at Target
1420,0.0168035,63.27301,62.8125,,,Looking at Target
1421,0.01633007,63.26484,62.79922,,,Looking at Target
1422,0.0166557,63.23618,62.79483,,,Looking at Target
1423,0.01699771,63.22173,62.78767,,,Looking at Target
1424,0.01604642,63.1944,62.80711,,,Looking at Target
1425,0.01656695,63.20433,62.85783,,,Looking at Target
1426,0.01656695,63.21104,62.87444,,,Looking at Target
1427,0.01679735,63.21234,62.87788,,,Looking at Target
1428,0.01633621,63.23037,62.88388,,,Looking at Target
1429,0.01665058,63.22255,62.8913,,,Looking at Target
1430,0.01702434,63.23647,62.92773,,,Looking at Target
1431,0.01602492,63.2464,63.01031,,,Looking at Target
1432,0.01693525,63.23106,63.0225,,,Looking at Target
1433,0.01619763,63.22895,63.02606,,,Looking at Target
1434,0.0167953,63.20055,63.02705,,,Looking at Target
1435,0.01701785,63.16109,63.035,,,Looking at Target
1436,0.01597098,63.16581,63.04298,TRUE,0,Looking at Target
1437,0.01699498,63.22508,63.0662,,,Not looking at Target
1438,0.01605359,63.25578,63.0848,,,Not looking at Target
1439,0.01693559,63.28335,63.09475,,,Not looking at Target
1440,0.01619797,63.26248,63.08517,,,Not looking at Target
1441,0.01678814,63.27102,63.02787,,,Not looking at Target
1442,0.01634543,62.76944,62.94242,,,Not looking at Target
1443,0.01664751,54.31783,56.62057,,,Not looking at Target
1444,0.01699498,44.01221,46.02021,,,Not looking at Target
1445,0.01605939,eye closed,eye closed,,,Not looking at Target
1446,0.01656524,eye closed,eye closed,,,Looking at Target
1447,0.01656729,eye closed,eye closed,,,Looking at Target
1448,0.01656593,eye closed,eye closed,,,Looking at Target
1449,0.01656627,eye closed,eye closed,,,Looking at Target
1450,0.01664682,eye closed,eye closed,,,Looking at Target
1451,0.01648742,eye closed,eye closed,,,Looking at Target
1452,0.01656627,eye closed,eye closed,,,Looking at Target
1453,0.01656627,38.81944,38.20795,,,Looking at Target
1454,0.01656593,38.86227,38.2456,,,Looking at Target
1455,0.01678541,38.87302,38.20436,,,Looking at Target
1456,0.0163485,38.85799,38.20059,,,Looking at Target
1457,0.01663863,38.9913,38.16496,,,Looking at Target
1458,0.01699362,39.06983,38.12282,,,Looking at Target
1459,0.01606861,39.09366,38.10949,,,Looking at Target
1460,0.01656627,39.10779,38.1191,,,Looking at Target
1461,0.01734826,39.11987,38.07005,,,Looking at Target
1462,0.01600785,39.12616,38.06333,,,Looking at Target
1463,0.01634372,39.13099,38.06418,,,Looking at Target
1464,0.01663385,39.16649,38.0699,,,Looking at Target
1465,0.01649903,39.1793,38.05088,,,Looking at Target
1466,0.01656661,39.18177,38.04995,,,Looking at Target
1467,0.01656661,39.18074,38.03392,,,Looking at Target
1468,0.01656866,39.15784,38.04277,,,Looking at Target
1469,0.01677755,39.12654,38.05872,,,Looking at Target
1470,0.01635464,39.11699,38.10585,,,Looking at Target
1471,0.01663112,39.0939,38.15918,,,Looking at Target
1472,0.01699396,39.08063,38.23175,,,Looking at Target
1473,0.01607509,39.07404,38.23506,,,Looking at Target
1474,0.01691818,39.07013,38.22375,,,Looking at Target
1475,0.01621572,39.05836,38.21111,,,Looking at Target
1476,0.01677312,39.04551,38.221,,,Looking at Target
1477,0.01636079,39.03632,38.21999,,,Looking at Target
1478,0.01663078,39.04146,38.23367,,,Looking at Target
1479,0.01650107,39.04382,38.35655,,,Looking at Target
1480,0.01656695,39.04014,38.34492,,,Looking at Target
1481,0.01656661,39.02845,38.34911,,,Looking at Target
1482,0.01656695,39.05011,38.35922,,,Looking at Target
1483,0.01676561,39.07295,38.38055,,,Looking at Target
1484,0.01636727,39.09673,38.41066,,,Looking at Target
1485,0.01662225,39.11458,38.41678,,,Looking at Target
1486,0.01651131,39.14009,38.41413,,,Looking at Target
1487,0.01656695,39.1631,38.43113,TRUE,0,Looking at Target
1488,0.01691136,39.18584,38.42541,,,Not looking at Target
1489,0.01698747,39.21753,38.42839,,,Not looking at Target
1490,0.01599727,39.24257,38.45013,,,Not looking at Target
1491,0.01636932,39.26328,38.49367,,,Not looking at Target
1492,0.01661952,39.29328,38.54948,,,Not looking at Target
1493,0.01699771,39.30537,38.54881,,,Not looking at Target
1494,0.01608328,39.32156,38.54324,,,Not looking at Target
1495,0.01690521,39.332,38.56978,,,Not looking at Target
1496,0.01699328,39.34586,38.58096,,,Not looking at Target
1497,0.01599351,39.2604,38.52018,,,Not looking at Target
1498,0.01637444,33.38221,34.62246,,,Not looking at Target
1499,0.01662088,32.27534,32.79945,,,Looking at Target
1500,0.01651336,31.84224,32.6067,,,Looking at Target
1501,0.01656729,31.70293,32.58937,,,Looking at Target
1502,0.01690453,31.48646,32.54081,,,Looking at Target
1503,0.01622801,31.43466,32.54519,,,Looking at Target
1504,0.0167697,31.44242,32.54715,,,Looking at Target
1505,0.01636454,31.43973,32.54568,,,Looking at Target
1506,0.01661064,31.43705,32.49444,,,Looking at Target
1507,0.01700249,31.42602,32.4713,,,Looking at Target
1508,0.01608533,31.40971,32.40079,,,Looking at Target
1509,0.01693627,31.39245,32.36251,,,Looking at Target
1510,0.01697792,31.45545,32.32526,,,Looking at Target
1511,0.01597201,31.43149,32.3009,,,Looking at Target
1512,0.0169943,31.41458,32.23764,,,Looking at Target
1513,0.01601467,31.42178,32.21796,,,Looking at Target
1514,0.0165062,31.43998,32.20557,,,Looking at Target
1515,0.01656422,31.4334,32.19514,,,Looking at Target
1516,0.0168919,31.43398,32.18216,,,Looking at Target
1517,0.01624303,31.44277,32.18185,,,Looking at Target
1518,0.01674922,31.59771,32.18113,,,Looking at Target
1519,0.01699294,31.60238,32.19547,,,Looking at Target
1520,0.01600921,31.62415,32.21086,,,Looking at Target
1521,0.01699225,31.67334,32.25941,,,Looking at Target
1522,0.0160884,31.85821,32.30779,,,Looking at Target
1523,0.01689019,32.02977,32.35389,,,Looking at Target
1524,0.01624439,32.10165,32.41282,,,Looking at Target
1525,0.01674274,32.10283,32.43341,,,Looking at Target
1526,0.01699669,32.11079,32.47501,,,Looking at Target
1527,0.01599249,32.1475,32.48403,,,Looking at Target
1528,0.01699976,32.19857,32.486,,,Looking at Target
1529,0.0161024,32.21423,32.48346,,,Looking at Target
1530,0.01688439,32.221,32.4683,,,Looking at Target
1531,0.01624951,32.21775,32.46837,,,Looking at Target
1532,0.01674035,32.20416,32.47416,,,Looking at Target
1533,0.01639253,32.20514,32.47278,,,Looking at Target
1534,0.01661167,32.21577,32.46921,,,Looking at Target
1535,0.01652053,32.22631,32.47863,,,Looking at Target
1536,0.01656798,32.20866,32.48989,,,Looking at Target
1537,0.01656695,32.20055,32.4902,,,Looking at Target
1538,0.01730696,32.1776,32.48301,,,Looking at Target
1539,0.01599693,32.16909,32.43954,,,Looking at Target
1540,0.01700727,32.14961,32.41201,TRUE,0,Looking at Target
1541,0.01598225,32.06151,32.39511,,,Not looking at Target
1542,0.01653794,32.04607,32.38857,,,Not looking at Target
1543,0.01656832,32.07807,32.38378,,,Not looking at Target
1544,0.01656559,32.06688,32.37322,,,Not looking at Target
1545,0.0173114,32.05253,32.34342,,,Not looking at Target
1546,0.01599419,32.01077,32.32551,,,Not looking at Target
1547,0.01639356,31.99262,32.30777,,,Not looking at Target
1548,0.01660313,31.96015,32.23169,,,Not looking at Target
1549,0.01653043,31.94423,32.22153,,,Not looking at Target
1550,0.01656695,32.26411,33.77358,,,Not looking at Target
1551,0.01687552,41.84716,42.7229,,,Not looking at Target
1552,0.01625736,49.88462,50.93013,,,Not looking at Target
1553,0.01672908,56.56682,56.74519,,,Not looking at Target
1554,0.01700864,60.06038,60.44221,,,Looking at Target
1555,0.01598703,60.41311,61.17247,,,Looking at Target
1556,0.01654306,60.4621,61.14281,,,Looking at Target
1557,0.01656627,60.51321,61.16736,,,Looking at Target
1558,0.01687347,60.4818,61.13425,,,Looking at Target
1559,0.01625975,60.44014,61.05304,,,Looking at Target
1560,0.01672294,60.32866,60.95087,,,Looking at Target
1561,0.01641062,60.18059,60.86456,,,Looking at Target
1562,0.01658299,60.11688,60.77567,,,Looking at Target
1563,0.01655091,60.05211,60.7106,,,Looking at Target
1564,0.01656763,59.98446,60.62234,,,Looking at Target
1565,0.01656559,59.91444,60.55769,,,Looking at Target
1566,0.01728955,59.85846,60.49327,,,Looking at Target
1567,0.01599522,59.87209,60.4274,,,Looking at Target
1568,0.01641438,59.86597,60.38285,,,Looking at Target
1569,0.01657788,59.88329,60.35134,,,Looking at Target
1570,0.01655637,59.8633,60.33042,,,Looking at Target
1571,0.01656524,59.8415,60.31886,,,Looking at Target
1572,0.01656661,59.85101,60.30809,,,Looking at Target
1573,0.01730321,59.8516,60.30705,,,Looking at Target
1574,0.01598225,59.86733,60.33116,,,Looking at Target
1575,0.01699396,59.89323,60.36494,,,Looking at Target
1576,0.01599283,59.91528,60.4068,,,Looking at Target
1577,0.01656149,59.93151,60.44114,,,Looking at Target
1578,0.01656661,59.96921,60.44178,,,Looking at Target
1579,0.01685606,59.97387,60.44217,,,Looking at Target
1580,0.01699737,59.9794,60.44641,,,Looking at Target
1581,0.01584742,59.99435,60.4638,,,Looking at Target
1582,0.01714142,60.0494,60.48859,,,Looking at Target
1583,0.01599863,60.07891,60.49691,,,Looking at Target
1584,0.01655978,60.10395,60.52023,,,Looking at Target
1585,0.01656593,60.15564,60.53161,,,Looking at Target
1586,0.01685845,60.1815,60.54124,,,Looking at Target
1587,0.01699191,60.19604,60.56041,,,Looking at Target
1588,0.01585049,60.22829,60.58114,,,Looking at Target
1589,0.01656695,60.2635,60.62784,,,Looking at Target
1590,0.01656729,60.27911,60.63356,,,Looking at Target
1591,0.01656593,60.27921,60.63808,,,Looking at Target
1592,0.01656695,60.27813,60.63413,,,Looking at Target
1593,0.01685265,60.28445,60.56183,,,Looking at Target
1594,0.01628126,60.308,60.53991,,,Looking at Target
1595,0.01670792,60.33616,60.55081,TRUE,0,Looking at Target
1596,0.01642359,60.39469,60.62414,,,Not looking at Target
1597,0.01656627,60.41457,60.65989,,,Not looking at Target
1598,0.01656661,60.44371,60.68319,,,Not looking at Target
1599,0.01656695,60.47094,60.73968,,,Not looking at Target
1600,0.0168448,60.44982,60.76972,,,Not looking at Target
1601,0.01628842,53.82904,54.98068,,,Not looking at Target
1602,0.01656661,46.04121,45.96962,,,Not looking at Target
1603,0.01656695,39.35559,39.8906,,,Not looking at Target
1604,0.01656627,38.45531,38.36982,,,Looking at Target
1605,0.01656763,38.19987,37.85228,,,Looking at Target
1606,0.01656661,38.1976,37.64155,,,Looking at Target
1607,0.01684172,38.20997,37.60455,,,Looking at Target
1608,0.01699533,38.12069,37.6058,,,Looking at Target
1609,0.01599215,38.09857,37.40208,,,Looking at Target
1610,0.01643622,38.02013,37.43013,,,Looking at Target
1611,0.01656968,38.04689,37.44704,,,Looking at Target
1612,0.01698543,38.07233,37.45701,,,Looking at Target
1613,0.0161454,38.09131,37.45338,,,Looking at Target
1614,0.0168407,38.04589,37.44996,,,Looking at Target
1615,0.01629354,38.04507,37.40447,,,Looking at Target
1616,0.01669359,38.03774,37.38832,,,Looking at Target
1617,0.01699498,38.00925,37.25864,,,Looking at Target
1618,0.01601126,37.94727,37.17714,,,Looking at Target
1619,0.01656763,37.92577,37.16022,,,Looking at Target
1620,0.01656661,37.90405,37.1388,,,Looking at Target
1621,0.01683046,37.91854,37.15466,,,Looking at Target
1622,0.01700079,37.89817,37.14252,,,Looking at Target
1623,0.01598976,37.88487,37.14296,,,Looking at Target
1624,0.01644544,37.76374,37.14017,,,Looking at Target
1625,0.01656661,37.76376,37.13152,,,Looking at Target
1626,0.01656559,37.74054,37.15482,,,Looking at Target
1627,0.01656763,37.71586,37.10026,,,Looking at Target
1628,0.01682978,37.7198,37.08538,,,Looking at Target
1629,0.01630208,37.75613,37.08308,,,Looking at Target
1630,0.01668983,37.72761,37.10093,,,Looking at Target
1631,0.0170001,37.70726,37.08278,,,Looking at Target
1632,0.01601058,37.72278,37.08766,,,Looking at Target
1633,0.01697143,37.73689,37.08573,,,Looking at Target
1634,0.01616179,37.74921,37.08345,,,Looking at Target
1635,0.01682705,37.76552,37.07318,,,Looking at Target
1636,0.01630583,37.77449,37.00494,,,Looking at Target
1637,0.01668505,37.73002,37.1043,,,Looking at Target
1638,0.01644919,37.67056,37.11631,,,Looking at Target
1639,0.01656661,37.64773,37.1381,,,Looking at Target
1640,0.01656729,37.65072,37.12576,,,Looking at Target
1641,0.01656729,37.6692,37.1132,,,Looking at Target
1642,0.01682534,37.69483,37.11594,,,Looking at Target
1643,0.01699567,37.70968,37.12696,,,Looking at Target
1644,0.01599283,37.731,37.13858,,,Looking at Target
1645,0.01645192,37.73942,37.12794,TRUE,0,Looking at Target
1646,0.01656695,37.75067,37.13292,,,Not looking at Target
1647,0.01696836,37.77757,37.13445,,,Not looking at Target
1648,0.01616418,37.79214,37.12171,,,Not looking at Target
1649,0.01656832,37.79142,37.11102,,,Not looking at Target
1650,0.01656524,37.78348,37.0193,,,Not looking at Target
1651,0.01668232,37.77258,36.99351,,,Not looking at Target
1652,0.0164526,37.77435,36.94498,,,Not looking at Target
1653,0.0165649,37.77048,36.94086,,,Not looking at Target
1654,0.01696051,37.75626,36.91527,,,Not looking at Target
1655,0.01617271,37.1903,36.89842,,,Not looking at Target
1656,0.01681544,31.92539,33.23047,,,Not looking at Target
1657,0.01631949,31.77273,32.32341,,,Looking at Target
1658,0.01667004,31.69578,31.8371,,,Looking at Target
1659,0.01646285,31.68869,31.82918,,,Looking at Target
1660,0.01656559,31.67631,31.81577,,,Looking at Target
1661,0.01656627,31.70585,31.7787,,,Looking at Target
1662,0.01656798,31.65885,31.8138,,,Looking at Target
1663,0.01681101,31.6661,31.81513,,,Looking at Target
1664,0.01632324,31.685,31.80833,,,Looking at Target
1665,0.01667311,31.7312,31.80131,,,Looking at Target
1666,0.01698679,31.60257,31.79738,,,Looking at Target
1667,0.01603857,31.57714,31.86676,,,Looking at Target
1668,0.01695573,31.5925,31.93878,,,Looking at Target
1669,0.01617783,31.60058,31.96768,,,Looking at Target
1670,0.01681544,31.59117,32.01338,,,Looking at Target
1671,0.01631846,31.60847,32.01231,,,Looking at Target
1672,0.01656627,31.76756,32.02085,,,Looking at Target
1673,0.01656763,31.78828,32.02998,,,Looking at Target
1674,0.01656593,31.78035,32.04227,,,Looking at Target
1675,0.01656661,31.7442,32.06161,,,Looking at Target
1676,0.01656763,31.75369,32.07253,,,Looking at Target
1677,0.01680145,31.74965,32.06146,,,Looking at Target
1678,0.01699567,31.74102,32.04972,,,Looking at Target
1679,0.01599385,31.73767,32.04577,,,Looking at Target
1680,0.01647547,31.74212,32.04951,,,Looking at Target
1681,0.01656661,31.71424,32.04792,,,Looking at Target
1682,0.01694208,31.72203,32.07966,,,Looking at Target
1683,0.01619046,31.72862,32.07538,,,Looking at Target
1684,0.01679769,31.73077,32.07234,,,Looking at Target
1685,0.01699567,31.72961,32.05878,,,Looking at Target
1686,0.01599727,31.71241,32.0479,,,Looking at Target
1687,0.01647582,31.70052,32.04469,,,Looking at Target
1688,0.01656695,31.71241,31.97721,,,Looking at Target
1689,0.01694549,31.72375,31.9544,,,Looking at Target
1690,0.01618739,31.73421,31.96178,,,Looking at Target
1691,0.01656627,31.73254,31.97224,,,Looking at Target
1692,0.01656661,31.72426,31.97078,,,Looking at Target
1693,0.01665775,31.68464,31.97477,,,Looking at Target
1694,0.01699157,31.73152,31.96836,,,Looking at Target
1695,0.01605256,31.72502,31.95625,,,Looking at Target
1696,0.01693525,31.64134,31.93627,,,Looking at Target
1697,0.01619797,31.60896,31.92011,,,Looking at Target
1698,0.01656559,31.5363,31.92823,TRUE,0,Looking at Target
1699,0.01722436,31.52612,31.90763,,,Not looking at Target
1700,0.01599283,31.50131,31.88719,,,Not looking at Target
1701,0.01648367,31.53188,31.86984,,,Not looking at Target
1702,0.01656627,31.41446,31.86322,,,Not looking at Target
1703,0.01695129,31.42125,31.84867,,,Not looking at Target
1704,0.0169885,31.45546,31.84057,,,Not looking at Target
1705,0.0157597,31.58776,31.87757,,,Not looking at Target
1706,0.01656832,31.49887,31.92311,,,Not looking at Target
1707,0.01665024,34.13422,35.94196,,,Not looking at Target
1708,0.01647991,45.19723,44.09906,,,Not looking at Target
1709,0.01656866,51.95095,53.20295,,,Not looking at Target
1710,0.01656524,57.0701,58.88839,,,Not looking at Target
1711,0.01656729,60.37231,62.66278,,,Not looking at Target
1712,0.01678814,60.78717,62.6217,,,Looking at Target
1713,0.01634509,60.81146,62.51221,,,Looking at Target
1714,0.01664307,61.00178,62.20243,,,Looking at Target
1715,0.01699498,60.98515,62.16329,,,Looking at Target
1716,0.0160611,61.0094,62.12749,,,Looking at Target
1717,0.01656661,61.00775,62.12478,,,Looking at Target
1718,0.01656695,61.00085,62.08352,,,Looking at Target
1719,0.01656729,60.96402,62.06916,,,Looking at Target
1720,0.01721241,60.99138,62.02108,,,Looking at Target
1721,0.01599146,60.94332,61.89876,,,Looking at Target
1722,0.01649595,60.87785,61.92027,,,Looking at Target
1723,0.01656593,60.84239,61.86944,,,Looking at Target
1724,0.01656832,60.88063,61.79286,,,Looking at Target
1725,0.01656661,60.86448,61.72392,,,Looking at Target
1726,0.01677824,60.84447,61.6798,,,Looking at Target
1727,0.01635567,60.80303,61.62596,,,Looking at Target
1728,0.01663454,60.79164,61.58826,,,Looking at Target
1729,0.0169926,60.78656,61.57267,,,Looking at Target
1730,0.01607236,60.78864,61.54462,,,Looking at Target
1731,0.01691682,60.79689,61.53764,,,Looking at Target
1732,0.01621606,60.80855,61.5428,,,Looking at Target
1733,0.01656729,60.82567,61.55346,,,Looking at Target
1734,0.01720115,60.85316,61.64405,,,Looking at Target
1735,0.01599795,60.88062,61.56365,,,Looking at Target
1736,0.0169885,60.91018,61.59437,,,Looking at Target
1737,0.01607816,60.96448,61.61837,,,Looking at Target
1738,0.01656798,60.98888,61.26469,,,Looking at Target
1739,0.01733837,61.02225,61.35048,,,Looking at Target
1740,0.01599761,61.03994,61.37186,,,Looking at Target
1741,0.01636249,61.0562,61.41372,,,Looking at Target
1742,0.01662498,61.07747,61.44262,,,Looking at Target
1743,0.0170001,61.1011,61.48877,,,Looking at Target
1744,0.01607441,61.12718,61.50789,,,Looking at Target
1745,0.01691136,61.15141,61.52902,,,Looking at Target
1746,0.01699225,61.17347,61.5498,,,Looking at Target
1747,0.01579622,61.19453,61.61586,,,Looking at Target
1748,0.01656695,61.21704,61.68595,,,Looking at Target
1749,0.01662259,61.21041,61.71282,,,Looking at Target
1750,0.01701615,61.15354,61.73663,,,Looking at Target
1751,0.01606144,61.11308,61.75412,,,Looking at Target
1752,0.01690692,61.0969,61.78866,,,Looking at Target

